license_id,application_number,property_id,property_number,city,ward_code,ward_name,license_type,application_stage,filing_channel,applicant_name,applicant_contact,assigned_department,current_assignee,sla_days,fee_amount_inr,payment_status,requires_site_inspection,risk_band,created_at,submitted_at,decided_at,remarks
d82be31e-b59a-490d-86e2-a3c0a630036a,PMC-OCC-2026-000001,ab07c9dd-b4d3-43e7-9201-53b02e93184a,PMC-AB-411021-000001,Pune,PMC-AB,Aundh Baner,occupancy_certificate,rejected,department_intake,Omkar Patil,9800000001,License Department - Aundh Baner,pmc.lic.aundhbaner,21,79200,paid,False,high,2025-11-09T22:42:00+00:00,2025-11-12T04:42:00+00:00,2025-11-22T10:42:00+00:00,Occupancy workflow depends on completion and inspection evidence. Returned or rejected after scrutiny due to deficiency. Ward context: Aundh Baner.
8029fb40-16fb-4438-9f3c-72ea8a947c82,BMC-FIR-2026-000002,f493204c-43af-450a-b7d2-2351664ff9f1,BMC-S-400078-000003,Mumbai,MCGM-S,S Ward,fire_referral,draft,web_portal,Urban Stationers,9800000002,License Department - S Ward,,10,24000,pending,True,low,2026-02-21T18:02:00+00:00,,,Fire compliance referral generated for joint review. Draft saved by desk operator. Ward context: S Ward.
34804dcc-8c5a-4c91-bc8f-ae9164f7b940,BMC-HLT-2026-000003,bdc51769-82d0-4971-9e3c-4a218b2068a6,BMC-FN-400019-000002,Mumbai,MCGM-FN,F/N Ward,health_noc,approved,architect_portal,Swati Khan,9800000003,License Department - F/N Ward,bmc.lic.fnward,12,17000,paid,False,high,2026-01-01T22:48:00+00:00,2026-01-03T01:48:00+00:00,2026-01-11T05:48:00+00:00,Health clearance routed for departmental review. Approved after review and document check. Ward context: F/N Ward.
4924c3f9-89ef-4139-9477-5af2738e5948,PMC-OCC-2026-000004,1bcb5087-070b-477e-a177-1d78ebe610e0,PMC-BP-411011-000001,Pune,PMC-BP,Bhavani Peth,occupancy_certificate,rejected,web_portal,Ashish Gadgil,9800000004,License Department - Bhavani Peth,pmc.lic.bhavanipeth,21,50600,paid,True,low,2025-11-10T21:30:00+00:00,2025-11-13T13:30:00+00:00,2025-11-19T03:30:00+00:00,Occupancy workflow depends on completion and inspection evidence. Returned or rejected after scrutiny due to deficiency. Ward context: Bhavani Peth.
dafabab4-63a7-4003-9e30-81879a13877f,BMC-SBD-2026-000005,d006fef2-31f8-4b4e-b4a6-d5c47a0e742c,BMC-N-400077-000005,Mumbai,MCGM-N,N Ward,signboard_permission,draft,web_portal,Priya Patil,9800000005,License Department - N Ward,,7,15100,paid,False,low,2026-02-19T00:44:00+00:00,,,Signage dimensions and road setback to be verified. Draft saved by desk operator. Ward context: N Ward.
d11f2c82-66f3-4b46-8aee-2075a992fdd6,BMC-HLT-2026-000006,4b4f230e-9c3d-4a15-be3c-b43c80bd60e2,BMC-FN-400019-000004,Mumbai,MCGM-FN,F/N Ward,health_noc,under_review,architect_portal,Priya Chavan,9800000006,License Department - F/N Ward,bmc.lic.fnward,12,13000,paid,True,low,2026-02-02T21:04:00+00:00,2026-02-03T03:04:00+00:00,,Health clearance routed for departmental review. Marked under review by licensing officer. Ward context: F/N Ward.
e5c6b922-9fbf-4b0e-a2fa-a56bab041f4e,PMC-BPA-2026-000007,3e151e46-5ad9-455f-81b4-a74181ed5407,PMC-SG-411005-000003,Pune,PMC-SG,Shivajinagar Ghole Road,building_plan_approval,submitted,department_intake,Kailas Patel,9800000007,License Department - Shivajinagar Ghole Road,,30,154900,pending,True,low,2026-01-06T11:46:00+00:00,2026-01-06T17:46:00+00:00,,Plan scrutiny linked to plot metadata and geotag. Submitted to ward workflow queue. Ward context: Shivajinagar Ghole Road.
4cb59cee-e242-4ffb-a38e-e02655b3d4f7,BMC-FIR-2026-000008,09a3dd3e-3dd4-4acc-9975-5c7a0df0aedb,BMC-FS-400012-000002,Mumbai,MCGM-FS,F/S Ward,fire_referral,under_review,web_portal,Shalini Naik,9800000008,License Department - F/S Ward,bmc.lic.fsward,10,23100,paid,True,low,2025-12-26T04:12:00+00:00,2025-12-27T12:12:00+00:00,,Fire compliance referral generated for joint review. Marked under review by licensing officer. Ward context: F/S Ward.
bf24fc9e-b71b-4ec5-bbcb-04a041924c95,BMC-FIR-2026-000009,a7254628-4035-4645-b428-225ffb8e3cb7,BMC-E-400008-000001,Mumbai,MCGM-E,E Ward,fire_referral,submitted,web_portal,Global Decor,9800000009,License Department - E Ward,,10,24800,paid,False,medium,2025-11-25T13:49:00+00:00,2025-11-27T04:49:00+00:00,,Fire compliance referral generated for joint review. Submitted to ward workflow queue. Ward context: E Ward.
4e384d89-6814-4fb6-95bf-f6b28678026c,PMC-OCC-2026-000010,9d052708-d7d3-4af9-924a-4aefbbfdba6b,PMC-HM-411036-000005,Pune,PMC-HM,Hadapsar Mundhwa,occupancy_certificate,rejected,counter_entry,Kailas Karnik,9800000010,License Department - Hadapsar Mundhwa,pmc.lic.hadapsarmundhw,21,94500,paid,False,medium,2026-02-14T15:55:00+00:00,2026-02-16T06:55:00+00:00,2026-03-02T10:55:00+00:00,Occupancy workflow depends on completion and inspection evidence. Returned or rejected after scrutiny due to deficiency. Ward context: Hadapsar Mundhwa.
822b66e5-75d7-460c-baa1-8aa22b36a2f9,PMC-TRD-2026-000011,e8d77d69-3e63-4c77-ae5a-f53c3622249c,PMC-HM-411036-000008,Pune,PMC-HM,Hadapsar Mundhwa,trade_license,approved,counter_entry,Rashmi Agarwal,9800000011,License Department - Hadapsar Mundhwa,pmc.lic.hadapsarmundhw,10,5400,paid,True,low,2025-12-10T23:45:00+00:00,2025-12-13T19:45:00+00:00,2025-12-23T01:45:00+00:00,Trade activity verified against property use and frontage. Approved after review and document check. Ward context: Hadapsar Mundhwa.
0e2fc87f-0d29-41f1-b0ec-88d08f8df534,BMC-BPA-2026-000012,0bee945e-a7bc-4f33-976f-5a10ec046119,BMC-L-400070-000003,Mumbai,MCGM-L,L Ward,building_plan_approval,approved,architect_portal,Akash Shinde,9800000012,License Department - L Ward,bmc.lic.lward,30,203800,paid,False,low,2025-11-05T06:13:00+00:00,2025-11-05T21:13:00+00:00,2025-11-22T11:13:00+00:00,Plan scrutiny linked to plot metadata and geotag. Approved after review and document check. Ward context: L Ward.
8be9577f-540b-459b-a2fe-29c80348a90f,BMC-BPA-2026-000013,2f3ea6ce-63dc-47c6-8f6e-c16aae4002a2,BMC-RN-400068-000004,Mumbai,MCGM-RN,R/N Ward,building_plan_approval,submitted,web_portal,Atul Gadgil,9800000013,License Department - R/N Ward,,30,31600,paid,True,medium,2026-01-19T14:53:00+00:00,2026-01-21T19:53:00+00:00,,Plan scrutiny linked to plot metadata and geotag. Submitted to ward workflow queue. Ward context: R/N Ward.
bcf1cb2b-1820-4cbf-b3c3-04eddf9fa2d8,PMC-BPA-2026-000014,6631fcc0-5e65-4106-9460-57029da1a77a,PMC-BP-411042-000006,Pune,PMC-BP,Bhavani Peth,building_plan_approval,approved,department_intake,Anagha Gaikwad,9800000014,License Department - Bhavani Peth,pmc.lic.bhavanipeth,30,123900,paid,False,low,2025-12-09T17:56:00+00:00,2025-12-11T07:56:00+00:00,2025-12-22T18:56:00+00:00,Plan scrutiny linked to plot metadata and geotag. Approved after review and document check. Ward context: Bhavani Peth.
ebe350e3-2d3d-4ee8-b140-c17d89d95454,PMC-TRD-2026-000015,1f47c80e-1451-453c-b6f2-cd0d2bc4f28b,PMC-DS-411009-000008,Pune,PMC-DS,Dhankawadi Sahakarnagar,trade_license,under_review,counter_entry,Aniket Sutar,9800000015,License Department - Dhankawadi Sahakarnagar,pmc.lic.dhankawadisaha,10,8500,paid,True,low,2025-11-11T21:46:00+00:00,2025-11-12T15:46:00+00:00,,Trade activity verified against property use and frontage. Marked under review by licensing officer. Ward context: Dhankawadi Sahakarnagar.
f2d6063e-9e5b-4c74-b099-622a5b33fb0c,PMC-HLT-2026-000016,8f75edb2-604b-4d5b-b02b-8a6dd84d4d70,PMC-SG-411004-000008,Pune,PMC-SG,Shivajinagar Ghole Road,health_noc,rejected,web_portal,Asha Chavan,9800000016,License Department - Shivajinagar Ghole Road,pmc.lic.shivajinagargh,12,8900,paid,False,low,2026-03-30T06:41:00+00:00,2026-04-01T09:41:00+00:00,2026-04-14T14:41:00+00:00,Health clearance routed for departmental review. Returned or rejected after scrutiny due to deficiency. Ward context: Shivajinagar Ghole Road.
8a351d06-eff1-4243-8bc2-1caa68f17910,PMC-TRD-2026-000017,f65df517-7160-4d50-9b23-d47e5e2d9621,PMC-KB-411038-000004,Pune,PMC-KB,Kothrud Bavdhan,trade_license,approved,architect_portal,Nikhil Deshmukh,9800000017,License Department - Kothrud Bavdhan,pmc.lic.kothrudbavdhan,10,6400,pending,True,high,2026-03-31T22:36:00+00:00,2026-04-02T05:36:00+00:00,2026-04-10T12:36:00+00:00,Trade activity verified against property use and frontage. Approved after review and document check. Ward context: Kothrud Bavdhan.
c366e66e-4e54-4769-b403-1c1479041497,BMC-BPA-2026-000018,21664a09-9aae-4062-bf83-0a8df014039a,BMC-FS-400012-000003,Mumbai,MCGM-FS,F/S Ward,building_plan_approval,approved,architect_portal,Sonali Patil,9800000018,License Department - F/S Ward,bmc.lic.fsward,30,245100,pending,True,low,2025-11-03T08:47:00+00:00,2025-11-06T05:47:00+00:00,2025-11-16T14:47:00+00:00,Plan scrutiny linked to plot metadata and geotag. Approved after review and document check. Ward context: F/S Ward.
3fa2eac7-94eb-43ff-977d-a63f6c7ed74a,PMC-OCC-2026-000019,b51b1686-5472-467e-9c22-8f639036b2cb,PMC-WK-411052-000002,Pune,PMC-WK,Warje Karvenagar,occupancy_certificate,submitted,architect_portal,Chetan Yadav,9800000019,License Department - Warje Karvenagar,,21,112100,paid,True,low,2025-12-04T20:23:00+00:00,2025-12-05T23:23:00+00:00,,Occupancy workflow depends on completion and inspection evidence. Submitted to ward workflow queue. Ward context: Warje Karvenagar.
0e3cf498-76ba-4c90-8241-d9f93d4c7328,PMC-TRD-2026-000020,80020b1e-a75c-4b72-971a-41feb3d75b33,PMC-AB-411045-000009,Pune,PMC-AB,Aundh Baner,trade_license,rejected,architect_portal,Anagha Gaikwad,9800000020,License Department - Aundh Baner,pmc.lic.aundhbaner,10,4400,pending,False,medium,2026-02-22T07:24:00+00:00,2026-02-22T08:24:00+00:00,2026-02-24T11:24:00+00:00,Trade activity verified against property use and frontage. Returned or rejected after scrutiny due to deficiency. Ward context: Aundh Baner.
19c39797-6259-438e-abf3-9351eda50632,PMC-TRD-2026-000021,f707ddab-cfe8-4784-9c6d-91e0fe130fd1,PMC-HM-411036-000004,Pune,PMC-HM,Hadapsar Mundhwa,trade_license,submitted,counter_entry,Metro Stores,9800000021,License Department - Hadapsar Mundhwa,,10,14100,pending,False,low,2026-03-11T00:41:00+00:00,2026-03-11T12:41:00+00:00,,Trade activity verified against property use and frontage. Submitted to ward workflow queue. Ward context: Hadapsar Mundhwa.
fde27218-0ace-4f4f-98e2-f6c1cc52fefa,PMC-BPA-2026-000022,688078ea-99ea-4fa6-8da0-60b5a618d8c5,PMC-DS-411046-000006,Pune,PMC-DS,Dhankawadi Sahakarnagar,building_plan_approval,under_review,web_portal,Aniket Kulkarni,9800000022,License Department - Dhankawadi Sahakarnagar,pmc.lic.dhankawadisaha,30,160100,paid,False,medium,2026-03-06T05:07:00+00:00,2026-03-06T15:07:00+00:00,,Plan scrutiny linked to plot metadata and geotag. Marked under review by licensing officer. Ward context: Dhankawadi Sahakarnagar.
6ea9fab1-d94c-4259-a0ed-70cc34cf4a0b,BMC-TRD-2026-000023,07b8f37c-83f2-450f-ab88-eac87cf7ff25,BMC-KE-400069-000004,Mumbai,MCGM-KE,K/E Ward,trade_license,rejected,counter_entry,Arjun Singh,9800000023,License Department - K/E Ward,bmc.lic.keward,10,8800,paid,False,medium,2025-12-09T14:51:00+00:00,2025-12-12T06:51:00+00:00,2025-12-15T19:51:00+00:00,Trade activity verified against property use and frontage. Returned or rejected after scrutiny due to deficiency. Ward context: K/E Ward.
da283bbb-7131-4089-b13d-5d39c028bae6,BMC-SBD-2026-000024,2044c392-a776-451a-91a3-420df989bdda,BMC-GN-400028-000003,Mumbai,MCGM-GN,G/N Ward,signboard_permission,under_review,web_portal,Sheetal Deshmukh,9800000024,License Department - G/N Ward,bmc.lic.gnward,7,15500,paid,True,medium,2025-11-19T18:25:00+00:00,2025-11-21T23:25:00+00:00,,Signage dimensions and road setback to be verified. Marked under review by licensing officer. Ward context: G/N Ward.
924e612d-cea5-4fa9-8b61-60475e63c1ce,BMC-OCC-2026-000025,454b819e-d5a2-4f12-8092-b85ea7128c53,BMC-B-400009-000001,Mumbai,MCGM-B,B Ward,occupancy_certificate,draft,web_portal,Galaxy Mart,9800000025,License Department - B Ward,,21,182700,paid,True,low,2025-12-08T05:21:00+00:00,,,Occupancy workflow depends on completion and inspection evidence. Draft saved by desk operator. Ward context: B Ward.
27b3eeab-886a-4d0f-ae86-4ed03e66ebb5,PMC-HLT-2026-000026,a7ff01db-ec82-4305-9f65-fdfd2fb7898c,PMC-HM-411028-000010,Pune,PMC-HM,Hadapsar Mundhwa,health_noc,draft,web_portal,Shree Foods,9800000026,License Department - Hadapsar Mundhwa,,12,15900,paid,False,low,2025-11-24T00:41:00+00:00,,,Health clearance routed for departmental review. Draft saved by desk operator. Ward context: Hadapsar Mundhwa.
ee4af8f2-891e-4500-a912-a38cd19c98d2,BMC-TRD-2026-000027,0788774c-e82b-4a2e-b52c-12f9f33ec721,BMC-S-400078-000007,Mumbai,MCGM-S,S Ward,trade_license,approved,web_portal,Mahesh Patel,9800000027,License Department - S Ward,bmc.lic.sward,10,16000,paid,True,low,2026-01-26T11:18:00+00:00,2026-01-29T01:18:00+00:00,2026-02-04T05:18:00+00:00,Trade activity verified against property use and frontage. Approved after review and document check. Ward context: S Ward.
ce09d787-546e-456a-81f2-371d32ed58b4,PMC-STO-2026-000028,875f666d-e23b-494b-a72f-8bb5fa0e039e,PMC-BBW-411043-000006,Pune,PMC-BBW,Bibwewadi,storage_noc,approved,web_portal,Swapnil Patil,9800000028,License Department - Bibwewadi,pmc.lic.bibwewadi,14,14200,paid,True,low,2026-03-03T05:04:00+00:00,2026-03-05T20:04:00+00:00,2026-03-18T01:04:00+00:00,Storage and safety conditions to be confirmed on site. Approved after review and document check. Ward context: Bibwewadi.
949c57eb-4cfa-416a-ba8e-db0555d9e022,BMC-TRD-2026-000029,fd140bfc-e25f-4aaa-8ba8-0ccac320081f,BMC-S-400078-000009,Mumbai,MCGM-S,S Ward,trade_license,under_review,department_intake,Sagar Patel,9800000029,License Department - S Ward,bmc.lic.sward,10,16600,pending,False,low,2026-03-31T17:59:00+00:00,2026-04-01T17:59:00+00:00,,Trade activity verified against property use and frontage. Marked under review by licensing officer. Ward context: S Ward.
97e3dff5-7b21-4224-a12e-a30d5a58e248,PMC-BPA-2026-000030,ca8930d3-fa8b-48ac-99b3-ff0849c0a2f9,PMC-KVW-411011-000004,Pune,PMC-KVW,Kasba Vishrambagwada,building_plan_approval,under_review,architect_portal,Deepak Bansode,9800000030,License Department - Kasba Vishrambagwada,pmc.lic.kasbavishramba,30,128900,paid,True,medium,2025-11-24T05:40:00+00:00,2025-11-24T13:40:00+00:00,,Plan scrutiny linked to plot metadata and geotag. Marked under review by licensing officer. Ward context: Kasba Vishrambagwada.
4e742980-5266-43f4-af4d-08b23c430803,BMC-TRD-2026-000031,73d70a4b-1db1-40c0-b5ce-9429315bdedd,BMC-RN-400068-000007,Mumbai,MCGM-RN,R/N Ward,trade_license,submitted,architect_portal,Metro Industries,9800000031,License Department - R/N Ward,,10,18000,paid,False,low,2025-11-30T21:09:00+00:00,2025-12-03T03:09:00+00:00,,Trade activity verified against property use and frontage. Submitted to ward workflow queue. Ward context: R/N Ward.
5a5a43cf-423b-443b-8c3a-0c326047f3c5,PMC-OCC-2026-000032,e3ba5447-299d-4b68-a117-e2c26a10c8bc,PMC-KVW-411011-000001,Pune,PMC-KVW,Kasba Vishrambagwada,occupancy_certificate,approved,architect_portal,Manisha Mahajan,9800000032,License Department - Kasba Vishrambagwada,pmc.lic.kasbavishramba,21,46300,paid,False,low,2025-11-10T17:41:00+00:00,2025-11-11T02:41:00+00:00,2025-11-23T03:41:00+00:00,Occupancy workflow depends on completion and inspection evidence. Approved after review and document check. Ward context: Kasba Vishrambagwada.
284a8a5b-8e0b-4a4b-8ee6-2b815d54442a,PMC-HLT-2026-000033,ccfd17ad-1b36-4b0d-a92c-84afccd6541d,PMC-SR-411041-000003,Pune,PMC-SR,Sinhagad Road,health_noc,approved,department_intake,Rashmi Kadam,9800000033,License Department - Sinhagad Road,pmc.lic.sinhagadroad,12,14600,waived,False,high,2026-01-30T12:26:00+00:00,2026-02-01T22:26:00+00:00,2026-02-07T01:26:00+00:00,Health clearance routed for departmental review. Approved after review and document check. Ward context: Sinhagad Road.
26fe7def-5869-44a6-97ca-5097c8758dc5,BMC-SBD-2026-000034,650ca796-ac6a-48cc-a9eb-fd155f98c445,BMC-RS-400067-000002,Mumbai,MCGM-RS,R/S Ward,signboard_permission,draft,web_portal,Atul Gaikwad,9800000034,License Department - R/S Ward,,7,23400,paid,True,medium,2026-02-04T11:56:00+00:00,,,Signage dimensions and road setback to be verified. Draft saved by desk operator. Ward context: R/S Ward.
f16ba44e-feb2-4732-9a6e-412694ff18cc,PMC-OCC-2026-000035,ccdd8575-ce94-4a45-9d88-cf90742d3282,PMC-BBW-411043-000004,Pune,PMC-BBW,Bibwewadi,occupancy_certificate,draft,architect_portal,Komal More,9800000035,License Department - Bibwewadi,,21,62700,paid,False,low,2026-02-14T14:14:00+00:00,,,Occupancy workflow depends on completion and inspection evidence. Draft saved by desk operator. Ward context: Bibwewadi.
0c37b7ab-aad4-42b4-bd68-6aa5b3e2f3ec,BMC-FIR-2026-000036,6e10b692-bd4a-4ce6-8588-c67ab86c78fc,BMC-S-400078-000010,Mumbai,MCGM-S,S Ward,fire_referral,submitted,counter_entry,Rajesh Kadam,9800000036,License Department - S Ward,,10,7700,paid,False,low,2025-11-08T04:43:00+00:00,2025-11-09T05:43:00+00:00,,Fire compliance referral generated for joint review. Submitted to ward workflow queue. Ward context: S Ward.
e59eceeb-fbd0-4a68-8779-2e4a943b3fd8,BMC-TRD-2026-000037,07599efb-5a79-4bcb-9ab8-bb4b4ee296e3,BMC-T-400080-000002,Mumbai,MCGM-T,T Ward,trade_license,under_review,web_portal,Gayatri Bansode,9800000037,License Department - T Ward,bmc.lic.tward,10,17600,paid,False,low,2025-11-28T01:37:00+00:00,2025-11-28T21:37:00+00:00,,Trade activity verified against property use and frontage. Marked under review by licensing officer. Ward context: T Ward.
bb475935-2dbe-44b2-bb65-b27816dd6455,PMC-STO-2026-000038,ac3eb28a-083b-4ab9-8c48-88ef76efeaa6,PMC-KVW-411030-000009,Pune,PMC-KVW,Kasba Vishrambagwada,storage_noc,approved,architect_portal,Yogesh Patel,9800000038,License Department - Kasba Vishrambagwada,pmc.lic.kasbavishramba,14,25500,pending,False,low,2025-11-25T19:21:00+00:00,2025-11-26T18:21:00+00:00,2025-12-05T01:21:00+00:00,Storage and safety conditions to be confirmed on site. Approved after review and document check. Ward context: Kasba Vishrambagwada.
88e3d176-b5a9-42a5-91c9-3bdf8a0cbb70,PMC-TRD-2026-000039,b0337355-2365-44d3-aabe-cae2d4a33646,PMC-SR-411051-000006,Pune,PMC-SR,Sinhagad Road,trade_license,under_review,counter_entry,Vardhaman Agency,9800000039,License Department - Sinhagad Road,pmc.lic.sinhagadroad,10,15900,pending,False,low,2025-12-28T10:11:00+00:00,2025-12-30T21:11:00+00:00,,Trade activity verified against property use and frontage. Marked under review by licensing officer. Ward context: Sinhagad Road.
199ddb30-b746-4321-8e18-cec604ac8077,BMC-FIR-2026-000040,14767f5d-83b3-49bd-b4e1-577e0b0fa85b,BMC-D-400007-000001,Mumbai,MCGM-D,D Ward,fire_referral,approved,web_portal,Milind Yadav,9800000040,License Department - D Ward,bmc.lic.dward,10,23700,paid,False,high,2026-03-05T18:55:00+00:00,2026-03-06T17:55:00+00:00,2026-03-15T19:55:00+00:00,Fire compliance referral generated for joint review. Approved after review and document check. Ward context: D Ward.
227519aa-1c4a-44ee-a302-41c92cfaa105,PMC-TRD-2026-000041,78f0175e-5e76-47af-b9ed-d61adc457ded,PMC-KVW-411030-000014,Pune,PMC-KVW,Kasba Vishrambagwada,trade_license,approved,web_portal,Sandeep Pawar,9800000041,License Department - Kasba Vishrambagwada,pmc.lic.kasbavishramba,10,14500,paid,True,low,2026-02-02T17:30:00+00:00,2026-02-05T04:30:00+00:00,2026-02-09T06:30:00+00:00,Trade activity verified against property use and frontage. Approved after review and document check. Ward context: Kasba Vishrambagwada.
e51d2bc4-a01b-437d-a870-e174191385bb,PMC-TRD-2026-000042,54c5dc1c-1fc4-4cca-9b42-f56ad49b6975,PMC-BP-411042-000007,Pune,PMC-BP,Bhavani Peth,trade_license,submitted,web_portal,Pooja Yadav,9800000042,License Department - Bhavani Peth,,10,12600,paid,False,medium,2026-02-07T02:39:00+00:00,2026-02-08T04:39:00+00:00,,Trade activity verified against property use and frontage. Submitted to ward workflow queue. Ward context: Bhavani Peth.
80600fb0-c861-4904-ba8a-d669ff747fb6,BMC-HLT-2026-000043,422d2da7-3935-4dff-a1fa-e2465119ac9b,BMC-S-400078-000011,Mumbai,MCGM-S,S Ward,health_noc,draft,web_portal,Asha Khan,9800000043,License Department - S Ward,,12,21300,paid,True,medium,2026-02-22T10:09:00+00:00,,,Health clearance routed for departmental review. Draft saved by desk operator. Ward context: S Ward.
4ae15229-0c51-4988-9d1b-9ea8a38b876b,BMC-BPA-2026-000044,0c3b20c6-6753-481a-bfec-095626e8cce8,BMC-RS-400067-000004,Mumbai,MCGM-RS,R/S Ward,building_plan_approval,under_review,web_portal,Vaishali Deshmukh,9800000044,License Department - R/S Ward,bmc.lic.rsward,30,227300,paid,True,low,2026-03-05T20:38:00+00:00,2026-03-05T23:38:00+00:00,,Plan scrutiny linked to plot metadata and geotag. Marked under review by licensing officer. Ward context: R/S Ward.
419012c0-2fec-4055-b7d4-3005742f2387,PMC-SBD-2026-000045,8212391a-9862-4eda-b291-418608f67559,PMC-KVW-411011-000010,Pune,PMC-KVW,Kasba Vishrambagwada,signboard_permission,approved,architect_portal,Shubham Shinde,9800000045,License Department - Kasba Vishrambagwada,pmc.lic.kasbavishramba,7,20300,paid,False,medium,2026-02-17T02:49:00+00:00,2026-02-18T09:49:00+00:00,2026-02-25T09:49:00+00:00,Signage dimensions and road setback to be verified. Approved after review and document check. Ward context: Kasba Vishrambagwada.
8f505ce6-5818-4e8d-8d3e-1f334796a5a8,BMC-BPA-2026-000046,3e2d9dbd-dc37-44c5-a7b8-5f874ac4edb7,BMC-KE-400069-000001,Mumbai,MCGM-KE,K/E Ward,building_plan_approval,approved,web_portal,Sunita Naik,9800000046,License Department - K/E Ward,bmc.lic.keward,30,312400,paid,False,medium,2025-11-21T03:33:00+00:00,2025-11-21T14:33:00+00:00,2025-12-01T17:33:00+00:00,Plan scrutiny linked to plot metadata and geotag. Approved after review and document check. Ward context: K/E Ward.
a26ac5d8-8d15-4a40-9734-cffc3a0ad555,BMC-FIR-2026-000047,2deb28a4-8af1-4efa-a0e4-562a3e1f7add,BMC-RS-400067-000003,Mumbai,MCGM-RS,R/S Ward,fire_referral,under_review,web_portal,Atul Khan,9800000047,License Department - R/S Ward,bmc.lic.rsward,10,12500,paid,True,medium,2025-12-15T13:41:00+00:00,2025-12-17T14:41:00+00:00,,Fire compliance referral generated for joint review. Marked under review by licensing officer. Ward context: R/S Ward.
19afd17b-31c6-4af3-b538-49c097df6b16,PMC-BPA-2026-000048,4d82e69a-5fa3-4416-b832-589b81849ad8,PMC-WR-411013-000003,Pune,PMC-WR,Wanowrie Ramtekdi,building_plan_approval,rejected,architect_portal,Mahesh Singh,9800000048,License Department - Wanowrie Ramtekdi,pmc.lic.wanowrieramtek,30,180900,paid,False,low,2025-12-06T15:25:00+00:00,2025-12-07T01:25:00+00:00,2025-12-15T08:25:00+00:00,Plan scrutiny linked to plot metadata and geotag. Returned or rejected after scrutiny due to deficiency. Ward context: Wanowrie Ramtekdi.
70c5ce43-af47-43f9-b0cf-0be6071d6341,PMC-HLT-2026-000049,9732079f-4d76-4b85-897f-9bb46aea1b1b,PMC-KVW-411002-000003,Pune,PMC-KVW,Kasba Vishrambagwada,health_noc,under_review,web_portal,Rajesh More,9800000049,License Department - Kasba Vishrambagwada,pmc.lic.kasbavishramba,12,13800,paid,False,low,2026-01-06T04:55:00+00:00,2026-01-08T12:55:00+00:00,,Health clearance routed for departmental review. Marked under review by licensing officer. Ward context: Kasba Vishrambagwada.
55feddb9-0ee1-4182-b02a-4c77362acc5d,PMC-BPA-2026-000050,7b99441a-90f6-4192-a785-4c3c55e9c037,PMC-DP-411001-000005,Pune,PMC-DP,Dhole Patil,building_plan_approval,draft,architect_portal,Kailas Gadgil,9800000050,License Department - Dhole Patil,,30,66200,paid,True,low,2026-02-05T17:29:00+00:00,,,Plan scrutiny linked to plot metadata and geotag. Draft saved by desk operator. Ward context: Dhole Patil.
a965c7da-3bea-4632-a8a2-817b7ecf5847,PMC-TRD-2026-000051,a88bea5e-7b37-4062-b266-9516ae956a82,PMC-KB-411038-000003,Pune,PMC-KB,Kothrud Bavdhan,trade_license,approved,architect_portal,Fortune Associates,9800000051,License Department - Kothrud Bavdhan,pmc.lic.kothrudbavdhan,10,10800,paid,True,low,2026-03-07T18:56:00+00:00,2026-03-08T07:56:00+00:00,2026-03-20T17:56:00+00:00,Trade activity verified against property use and frontage. Approved after review and document check. Ward context: Kothrud Bavdhan.
e93449ee-1523-4c1e-977c-aa6f0363ee48,PMC-TRD-2026-000052,1b3a9ae8-e923-4fb2-8ee1-3efd4fd26f62,PMC-KVW-411011-000005,Pune,PMC-KVW,Kasba Vishrambagwada,trade_license,approved,counter_entry,Rohit Deshmukh,9800000052,License Department - Kasba Vishrambagwada,pmc.lic.kasbavishramba,10,10100,pending,True,medium,2026-01-20T02:18:00+00:00,2026-01-20T13:18:00+00:00,2026-02-02T16:18:00+00:00,Trade activity verified against property use and frontage. Approved after review and document check. Ward context: Kasba Vishrambagwada.
4cd86f35-5634-4515-9ea9-a4ad1e259005,BMC-OCC-2026-000053,1473a290-faa4-4495-9ac2-a381e3a4e897,BMC-C-400002-000001,Mumbai,MCGM-C,C Ward,occupancy_certificate,under_review,architect_portal,Siddharth Mahajan,9800000053,License Department - C Ward,bmc.lic.cward,21,71200,paid,False,low,2026-02-18T21:23:00+00:00,2026-02-21T09:23:00+00:00,,Occupancy workflow depends on completion and inspection evidence. Marked under review by licensing officer. Ward context: C Ward.
94604e34-738c-4644-bb05-ec99beb0a583,PMC-TRD-2026-000054,5d2d0cdc-8fa2-4cac-ba2a-9ef5b892da1a,PMC-SR-411051-000007,Pune,PMC-SR,Sinhagad Road,trade_license,submitted,web_portal,Skyline Engineering,9800000054,License Department - Sinhagad Road,,10,11800,paid,True,medium,2025-12-06T16:34:00+00:00,2025-12-08T03:34:00+00:00,,Trade activity verified against property use and frontage. Submitted to ward workflow queue. Ward context: Sinhagad Road.
6af7ba1f-7a9d-48b6-863e-653306a3ea3e,BMC-BPA-2026-000055,7753e6d0-b479-4b43-9dc0-c5caa0e1d998,BMC-D-400007-000002,Mumbai,MCGM-D,D Ward,building_plan_approval,under_review,web_portal,Dipali Mehta,9800000055,License Department - D Ward,bmc.lic.dward,30,351300,pending,True,low,2026-02-20T00:57:00+00:00,2026-02-21T17:57:00+00:00,,Plan scrutiny linked to plot metadata and geotag. Marked under review by licensing officer. Ward context: D Ward.
0cd1c8ea-0e6c-4192-ba90-cef507c479b2,PMC-HLT-2026-000056,8f3ffd39-fe2e-45e5-af2b-93f0668f67c7,PMC-SR-411041-000008,Pune,PMC-SR,Sinhagad Road,health_noc,approved,web_portal,Galaxy Engineering,9800000056,License Department - Sinhagad Road,pmc.lic.sinhagadroad,12,13300,paid,True,low,2025-12-01T06:54:00+00:00,2025-12-03T04:54:00+00:00,2025-12-17T04:54:00+00:00,Health clearance routed for departmental review. Approved after review and document check. Ward context: Sinhagad Road.
bdb37899-38da-49c5-9623-29e73ce35bab,PMC-TRD-2026-000057,2e44c395-d37f-4c16-8878-2e7f53be790e,PMC-SG-411005-000002,Pune,PMC-SG,Shivajinagar Ghole Road,trade_license,draft,web_portal,Shubham Patil,9800000057,License Department - Shivajinagar Ghole Road,,10,9100,pending,True,low,2026-02-11T07:25:00+00:00,,,Trade activity verified against property use and frontage. Draft saved by desk operator. Ward context: Shivajinagar Ghole Road.
7848ef87-b6ee-4b45-8a51-ecfe053bc578,BMC-OCC-2026-000058,dba8db90-cfa2-4c7d-b747-6bdabe87318d,BMC-GS-400013-000007,Mumbai,MCGM-GS,G/S Ward,occupancy_certificate,submitted,web_portal,Sameer Shah,9800000058,License Department - G/S Ward,,21,68800,paid,False,low,2026-02-16T00:20:00+00:00,2026-02-16T21:20:00+00:00,,Occupancy workflow depends on completion and inspection evidence. Submitted to ward workflow queue. Ward context: G/S Ward.
1b184fec-c6ac-4bb2-b2c9-6fe85581cc44,BMC-HLT-2026-000059,7c4d66ab-80f5-48fe-894c-9a017b9a50d9,BMC-HE-400055-000004,Mumbai,MCGM-HE,H/E Ward,health_noc,approved,counter_entry,Yogesh Raut,9800000059,License Department - H/E Ward,bmc.lic.heward,12,27500,paid,True,low,2026-01-31T17:55:00+00:00,2026-02-03T07:55:00+00:00,2026-02-12T10:55:00+00:00,Health clearance routed for departmental review. Approved after review and document check. Ward context: H/E Ward.
f314c692-b4d6-4f13-b423-56f5a6db2882,BMC-BPA-2026-000060,caac8789-d96e-4641-a328-e16edfac7ff3,BMC-GN-400028-000001,Mumbai,MCGM-GN,G/N Ward,building_plan_approval,under_review,counter_entry,Vidya Patel,9800000060,License Department - G/N Ward,bmc.lic.gnward,30,31100,paid,True,medium,2026-01-21T22:59:00+00:00,2026-01-22T15:59:00+00:00,,Plan scrutiny linked to plot metadata and geotag. Marked under review by licensing officer. Ward context: G/N Ward.
e0d6989c-b45f-4778-aa88-97b1742c9a6d,BMC-SBD-2026-000061,987d1db8-557d-4ed0-a573-998599aba94a,BMC-N-400077-000006,Mumbai,MCGM-N,N Ward,signboard_permission,under_review,counter_entry,Galaxy Agency,9800000061,License Department - N Ward,bmc.lic.nward,7,13800,pending,True,low,2026-02-05T21:22:00+00:00,2026-02-07T05:22:00+00:00,,Signage dimensions and road setback to be verified. Marked under review by licensing officer. Ward context: N Ward.
c0b7b638-bef9-4f33-b7f3-73a05c4f4d5f,BMC-FIR-2026-000062,3befc2c7-6b4b-4231-a85f-9b3c3963d57b,BMC-KE-400069-000007,Mumbai,MCGM-KE,K/E Ward,fire_referral,under_review,web_portal,Siddhi Enterprises,9800000062,License Department - K/E Ward,bmc.lic.keward,10,25800,paid,False,high,2025-11-20T14:32:00+00:00,2025-11-20T21:32:00+00:00,,Fire compliance referral generated for joint review. Marked under review by licensing officer. Ward context: K/E Ward.
24482cd4-7d90-4828-b37f-3ea3f29788bf,BMC-TRD-2026-000063,858dbd3e-c58c-4606-a6af-33fc0ee6f150,BMC-PS-400104-000003,Mumbai,MCGM-PS,P/S Ward,trade_license,submitted,department_intake,Swapnil Thorve,9800000063,License Department - P/S Ward,,10,9300,pending,True,medium,2026-01-11T03:19:00+00:00,2026-01-13T15:19:00+00:00,,Trade activity verified against property use and frontage. Submitted to ward workflow queue. Ward context: P/S Ward.
fbe68d7e-ddd1-4dd6-974b-14c27bb71cf0,BMC-FIR-2026-000064,db6a5326-b6b6-4189-a232-546d24ea8f44,BMC-FS-400012-000001,Mumbai,MCGM-FS,F/S Ward,fire_referral,approved,web_portal,Prajakta Deshmukh,9800000064,License Department - F/S Ward,bmc.lic.fsward,10,30000,paid,True,low,2026-01-16T13:54:00+00:00,2026-01-17T09:54:00+00:00,2026-01-25T13:54:00+00:00,Fire compliance referral generated for joint review. Approved after review and document check. Ward context: F/S Ward.
0ebc70f5-a28b-4bf7-bcc6-2305ee804971,BMC-TRD-2026-000065,78b98243-6297-4d95-b837-13482f0b7878,BMC-S-400078-000004,Mumbai,MCGM-S,S Ward,trade_license,approved,web_portal,Aarti Kale,9800000065,License Department - S Ward,bmc.lic.sward,10,5300,pending,True,high,2026-03-02T02:25:00+00:00,2026-03-04T23:25:00+00:00,2026-03-11T06:25:00+00:00,Trade activity verified against property use and frontage. Approved after review and document check. Ward context: S Ward.
52265f9a-d4bf-4ad1-8014-28766316d7b9,PMC-OCC-2026-000066,d7378a1a-e127-40b6-a382-6d9e2ffdf5b2,PMC-KY-411060-000008,Pune,PMC-KY,Kondhwa Yewalewadi,occupancy_certificate,approved,counter_entry,Kavita Patil,9800000066,License Department - Kondhwa Yewalewadi,pmc.lic.kondhwayewalew,21,48000,paid,False,low,2026-03-04T03:26:00+00:00,2026-03-05T16:26:00+00:00,2026-03-09T02:26:00+00:00,Occupancy workflow depends on completion and inspection evidence. Approved after review and document check. Ward context: Kondhwa Yewalewadi.
423e2945-3e97-40c3-9832-044515edfc59,PMC-OCC-2026-000067,c4b3f0c1-992b-4510-b094-d49e0e14bbaf,PMC-YKD-411006-000001,Pune,PMC-YKD,Yerwada Kalas Dhanori,occupancy_certificate,submitted,web_portal,Anita Deshmukh,9800000067,License Department - Yerwada Kalas Dhanori,,21,65300,paid,True,high,2025-12-13T14:28:00+00:00,2025-12-15T20:28:00+00:00,,Occupancy workflow depends on completion and inspection evidence. Submitted to ward workflow queue. Ward context: Yerwada Kalas Dhanori.
59afd445-c4e1-4fd9-882e-cb12ab61b37d,PMC-EST-2026-000068,a07e73f3-b232-4e10-b69f-44159cb9a3f7,PMC-BP-411011-000003,Pune,PMC-BP,Bhavani Peth,estate_permission,approved,architect_portal,Aarav Raut,9800000068,License Department - Bhavani Peth,pmc.lic.bhavanipeth,18,12400,paid,True,low,2025-12-09T17:34:00+00:00,2025-12-12T16:34:00+00:00,2025-12-17T21:34:00+00:00,Estate and title review required before disposal. Approved after review and document check. Ward context: Bhavani Peth.
490f4db4-2d57-4b05-a5ce-7e65f2bf3fdf,BMC-TRD-2026-000069,712cad6f-91b2-46bd-9dbe-108d558d49d4,BMC-RN-400068-000006,Mumbai,MCGM-RN,R/N Ward,trade_license,approved,web_portal,Rajesh Kulkarni,9800000069,License Department - R/N Ward,bmc.lic.rnward,10,11200,paid,True,low,2026-02-23T22:53:00+00:00,2026-02-24T10:53:00+00:00,2026-03-04T14:53:00+00:00,Trade activity verified against property use and frontage. Approved after review and document check. Ward context: R/N Ward.
fa5cfbb5-4bc7-4f75-9674-5b536feacf42,BMC-TRD-2026-000070,7fdfd47a-e7aa-465c-801e-ac3d8dfb9169,BMC-RS-400067-000005,Mumbai,MCGM-RS,R/S Ward,trade_license,approved,architect_portal,Kavita Gadgil,9800000070,License Department - R/S Ward,bmc.lic.rsward,10,20800,paid,False,medium,2026-02-06T00:56:00+00:00,2026-02-07T19:56:00+00:00,2026-02-23T01:56:00+00:00,Trade activity verified against property use and frontage. Approved after review and document check. Ward context: R/S Ward.
9428b610-98a1-4188-9a1b-b342f737fe90,PMC-BPA-2026-000071,c5011d4b-6fa8-416b-bf14-9e5b2b647c5a,PMC-DS-411046-000009,Pune,PMC-DS,Dhankawadi Sahakarnagar,building_plan_approval,draft,web_portal,Yogesh More,9800000071,License Department - Dhankawadi Sahakarnagar,,30,37900,paid,True,low,2026-03-17T13:51:00+00:00,,,Plan scrutiny linked to plot metadata and geotag. Draft saved by desk operator. Ward context: Dhankawadi Sahakarnagar.
316e635c-dd6b-4fe1-be1f-31f2c8e55f1b,PMC-TRD-2026-000072,ff26b8d3-9d70-49d5-b462-a701746b9914,PMC-SR-411051-000014,Pune,PMC-SR,Sinhagad Road,trade_license,approved,web_portal,Vardhaman Warehousing,9800000072,License Department - Sinhagad Road,pmc.lic.sinhagadroad,10,13800,paid,False,medium,2026-03-06T01:17:00+00:00,2026-03-06T09:17:00+00:00,2026-03-12T23:17:00+00:00,Trade activity verified against property use and frontage. Approved after review and document check. Ward context: Sinhagad Road.
0062cf05-eb66-43ac-a4eb-c0255d64a1bb,PMC-TRD-2026-000073,ac69b102-c36c-4073-b8b1-0dc7ac432dc5,PMC-KY-411048-000005,Pune,PMC-KY,Kondhwa Yewalewadi,trade_license,draft,architect_portal,Savita Gaikwad,9800000073,License Department - Kondhwa Yewalewadi,,10,4600,paid,False,low,2026-01-03T19:17:00+00:00,,,Trade activity verified against property use and frontage. Draft saved by desk operator. Ward context: Kondhwa Yewalewadi.
28042598-d738-481e-80d6-3166d66c0cea,BMC-TRD-2026-000074,69e450fc-306f-44da-99fc-afa4adc15d80,BMC-FN-400019-000003,Mumbai,MCGM-FN,F/N Ward,trade_license,approved,web_portal,Greenfield Agency,9800000074,License Department - F/N Ward,bmc.lic.fnward,10,20500,paid,True,medium,2025-12-08T04:14:00+00:00,2025-12-09T00:14:00+00:00,2025-12-20T14:14:00+00:00,Trade activity verified against property use and frontage. Approved after review and document check. Ward context: F/N Ward.
9c15ab9f-7f54-4f46-b49f-cd2422956833,BMC-TRD-2026-000075,dc386861-03e4-49c4-9af3-2af9ec0a47f4,BMC-GS-400013-000006,Mumbai,MCGM-GS,G/S Ward,trade_license,rejected,architect_portal,Galaxy Logistics,9800000075,License Department - G/S Ward,bmc.lic.gsward,10,18400,paid,False,high,2026-02-15T10:32:00+00:00,2026-02-17T15:32:00+00:00,2026-02-28T21:32:00+00:00,Trade activity verified against property use and frontage. Returned or rejected after scrutiny due to deficiency. Ward context: G/S Ward.
96f4bcaf-7595-4cba-be10-f65307bac098,PMC-BPA-2026-000076,7aa0d257-f4e9-4ba6-93d0-b24483b0931c,PMC-SR-411051-000005,Pune,PMC-SR,Sinhagad Road,building_plan_approval,approved,architect_portal,Gayatri Patel,9800000076,License Department - Sinhagad Road,pmc.lic.sinhagadroad,30,171600,paid,True,medium,2025-11-16T12:13:00+00:00,2025-11-18T13:13:00+00:00,2025-11-22T22:13:00+00:00,Plan scrutiny linked to plot metadata and geotag. Approved after review and document check. Ward context: Sinhagad Road.
1b4e3ce3-2c82-4aaa-8f75-01d259c8f1a8,BMC-TRD-2026-000077,1946757f-d35b-49d2-81f0-829b32b97914,BMC-PN-400064-000005,Mumbai,MCGM-PN,P/N Ward,trade_license,under_review,architect_portal,Sunrise Traders,9800000077,License Department - P/N Ward,bmc.lic.pnward,10,16700,paid,False,high,2025-12-12T09:25:00+00:00,2025-12-14T14:25:00+00:00,,Trade activity verified against property use and frontage. Marked under review by licensing officer. Ward context: P/N Ward.
f4aab9ae-f89c-4f1e-a921-3a945bd8901d,PMC-TRD-2026-000078,4808f8a3-4025-4c15-97bc-73ac81fc3698,PMC-BBW-411043-000005,Pune,PMC-BBW,Bibwewadi,trade_license,under_review,web_portal,Atul Agarwal,9800000078,License Department - Bibwewadi,pmc.lic.bibwewadi,10,4300,paid,True,low,2026-03-01T22:23:00+00:00,2026-03-02T18:23:00+00:00,,Trade activity verified against property use and frontage. Marked under review by licensing officer. Ward context: Bibwewadi.
6d7f01d5-6648-41fd-b7a4-73deaeb2d94b,PMC-STO-2026-000079,e3f8261e-6bbb-4cd5-aaa0-4e7850d9f7dc,PMC-NR-411006-000002,Pune,PMC-NR,Nagar Road Vadgaon Sheri,storage_noc,submitted,web_portal,Anita Singh,9800000079,License Department - Nagar Road Vadgaon Sheri,,14,5400,pending,True,medium,2026-03-27T03:09:00+00:00,2026-03-29T12:09:00+00:00,,Storage and safety conditions to be confirmed on site. Submitted to ward workflow queue. Ward context: Nagar Road Vadgaon Sheri.
a7c9c152-dd55-4fe7-8df5-6fb5968f2273,BMC-BPA-2026-000080,ad05c979-42b8-4976-9817-5ff6e5ee6d6a,BMC-C-400002-000002,Mumbai,MCGM-C,C Ward,building_plan_approval,approved,web_portal,Swapnil Patil,9800000080,License Department - C Ward,bmc.lic.cward,30,60400,paid,True,low,2025-12-27T22:06:00+00:00,2025-12-29T14:06:00+00:00,2026-01-08T01:06:00+00:00,Plan scrutiny linked to plot metadata and geotag. Approved after review and document check. Ward context: C Ward.
c9a18c0f-2412-414e-b13c-2d6efe330026,PMC-BPA-2026-000081,34a2d85c-b62c-4e3a-a0dc-95fbf2711c8f,PMC-KB-411021-000002,Pune,PMC-KB,Kothrud Bavdhan,building_plan_approval,approved,architect_portal,Reliable Bakery,9800000081,License Department - Kothrud Bavdhan,pmc.lic.kothrudbavdhan,30,201800,paid,True,low,2026-01-04T23:00:00+00:00,2026-01-05T10:00:00+00:00,2026-01-09T20:00:00+00:00,Plan scrutiny linked to plot metadata and geotag. Approved after review and document check. Ward context: Kothrud Bavdhan.
4803cef1-b8ab-4e01-9277-ae898c661f63,PMC-BPA-2026-000082,257cf4ef-1c88-4de9-9a17-fa8db8926bd9,PMC-AB-411045-000004,Pune,PMC-AB,Aundh Baner,building_plan_approval,draft,counter_entry,Rutuja Naik,9800000082,License Department - Aundh Baner,,30,24700,paid,False,low,2026-02-17T12:37:00+00:00,,,Plan scrutiny linked to plot metadata and geotag. Draft saved by desk operator. Ward context: Aundh Baner.
3759d55c-e107-4114-9e2e-94ed29127679,PMC-FIR-2026-000083,10a2c7ad-75fd-493e-9e27-0e95b87a6fdd,PMC-NR-411014-000006,Pune,PMC-NR,Nagar Road Vadgaon Sheri,fire_referral,submitted,web_portal,A1 Associates,9800000083,License Department - Nagar Road Vadgaon Sheri,,10,15100,paid,True,high,2026-01-11T02:28:00+00:00,2026-01-11T14:28:00+00:00,,Fire compliance referral generated for joint review. Submitted to ward workflow queue. Ward context: Nagar Road Vadgaon Sheri.
827f255a-fa27-4509-8074-f78f72afd8d9,BMC-STO-2026-000084,5bc940f8-ca7b-4f06-ab9e-4702b8beb008,BMC-N-400077-000008,Mumbai,MCGM-N,N Ward,storage_noc,approved,counter_entry,Kailas Kapoor,9800000084,License Department - N Ward,bmc.lic.nward,14,9300,paid,False,medium,2025-12-04T03:29:00+00:00,2025-12-05T00:29:00+00:00,2025-12-16T03:29:00+00:00,Storage and safety conditions to be confirmed on site. Approved after review and document check. Ward context: N Ward.
159a330d-ad60-4688-aa19-f3dee1a40d49,BMC-HLT-2026-000085,81bee747-3fec-4b00-ab34-0a5a1f9b2ef8,BMC-RC-400092-000003,Mumbai,MCGM-RC,R/C Ward,health_noc,under_review,web_portal,Urban Decor,9800000085,License Department - R/C Ward,bmc.lic.rcward,12,18700,paid,True,low,2026-02-18T06:38:00+00:00,2026-02-20T01:38:00+00:00,,Health clearance routed for departmental review. Marked under review by licensing officer. Ward context: R/C Ward.
35d76890-785a-483f-8782-2beb9a1c2e6a,PMC-TRD-2026-000086,a713a23a-d764-4a84-af5e-f314fe202f4d,PMC-HM-411036-000006,Pune,PMC-HM,Hadapsar Mundhwa,trade_license,approved,web_portal,Aniket Patel,9800000086,License Department - Hadapsar Mundhwa,pmc.lic.hadapsarmundhw,10,2900,paid,False,low,2026-02-10T08:39:00+00:00,2026-02-11T04:39:00+00:00,2026-02-20T12:39:00+00:00,Trade activity verified against property use and frontage. Approved after review and document check. Ward context: Hadapsar Mundhwa.
5dc21c99-7a67-4998-8b92-112c079ee857,BMC-HLT-2026-000087,c359488b-80d8-4f7f-8ab0-ee1d29e82872,BMC-N-400077-000001,Mumbai,MCGM-N,N Ward,health_noc,under_review,web_portal,Deepak Kale,9800000087,License Department - N Ward,bmc.lic.nward,12,18600,paid,True,low,2026-01-24T09:24:00+00:00,2026-01-24T17:24:00+00:00,,Health clearance routed for departmental review. Marked under review by licensing officer. Ward context: N Ward.
2b3b9dc9-ace8-40f7-a124-1dfdc249d53d,PMC-TRD-2026-000088,18d57d6c-210d-45ba-bc2c-426ebca9a576,PMC-HM-411036-000001,Pune,PMC-HM,Hadapsar Mundhwa,trade_license,approved,web_portal,Sameer Patil,9800000088,License Department - Hadapsar Mundhwa,pmc.lic.hadapsarmundhw,10,9100,paid,False,low,2025-11-03T16:03:00+00:00,2025-11-05T07:03:00+00:00,2025-11-10T12:03:00+00:00,Trade activity verified against property use and frontage. Approved after review and document check. Ward context: Hadapsar Mundhwa.
e8ffc80b-c6fc-4bf1-aec3-7f29db5c8f80,BMC-TRD-2026-000089,ea30d4c9-439e-46fd-b335-5f9408b8573e,BMC-KW-400058-000002,Mumbai,MCGM-KW,K/W Ward,trade_license,under_review,architect_portal,Sachin Shinde,9800000089,License Department - K/W Ward,bmc.lic.kwward,10,6800,paid,False,medium,2026-03-27T04:15:00+00:00,2026-03-29T12:15:00+00:00,,Trade activity verified against property use and frontage. Marked under review by licensing officer. Ward context: K/W Ward.
30d55df9-371f-473e-b625-285b52e9e607,BMC-OCC-2026-000090,34f5b68d-7585-4708-96b6-d8843a57114f,BMC-FN-400019-000005,Mumbai,MCGM-FN,F/N Ward,occupancy_certificate,approved,architect_portal,Sonali Bansode,9800000090,License Department - F/N Ward,bmc.lic.fnward,21,180300,paid,False,high,2025-11-17T16:02:00+00:00,2025-11-18T11:02:00+00:00,2025-11-22T00:02:00+00:00,Occupancy workflow depends on completion and inspection evidence. Approved after review and document check. Ward context: F/N Ward.
64e87c9b-971c-4c56-a7cc-56ecae06f1fb,PMC-HLT-2026-000091,536c5c65-3f9a-465d-986c-ae0b0eb372e5,PMC-TR-411030-000001,Pune,PMC-TR,Tilak Road,health_noc,submitted,web_portal,Supreme Associates,9800000091,License Department - Tilak Road,,12,7200,pending,True,medium,2025-12-12T14:14:00+00:00,2025-12-14T05:14:00+00:00,,Health clearance routed for departmental review. Submitted to ward workflow queue. Ward context: Tilak Road.
2ea6be36-79db-4c5f-bb7d-dbe97dda8a42,PMC-EST-2026-000092,ddf656a1-c3b6-48ec-b6f9-6ef834e996ba,PMC-NR-411014-000010,Pune,PMC-NR,Nagar Road Vadgaon Sheri,estate_permission,approved,department_intake,Sunil Mehta,9800000092,License Department - Nagar Road Vadgaon Sheri,pmc.lic.nagarroadvadga,18,17600,pending,True,medium,2026-03-28T07:07:00+00:00,2026-03-29T22:07:00+00:00,2026-04-08T09:07:00+00:00,Estate and title review required before disposal. Approved after review and document check. Ward context: Nagar Road Vadgaon Sheri.
3642bf3b-7cdd-45fb-a75f-921ae7a8db30,PMC-TRD-2026-000093,e86fb747-0c20-48c1-99d5-a96a8d2e0667,PMC-SG-411004-000006,Pune,PMC-SG,Shivajinagar Ghole Road,trade_license,under_review,department_intake,Prajakta Kale,9800000093,License Department - Shivajinagar Ghole Road,pmc.lic.shivajinagargh,10,2700,paid,True,low,2026-03-21T08:43:00+00:00,2026-03-22T15:43:00+00:00,,Trade activity verified against property use and frontage. Marked under review by licensing officer. Ward context: Shivajinagar Ghole Road.
5a2aff39-12de-4c60-baab-8ef44a636d79,BMC-EST-2026-000094,e23fa8f2-ffcb-48c3-b389-a956ceea767e,BMC-RC-400092-000005,Mumbai,MCGM-RC,R/C Ward,estate_permission,submitted,department_intake,Madhuri Naik,9800000094,License Department - R/C Ward,,18,9700,paid,True,low,2026-03-31T03:21:00+00:00,2026-04-02T23:21:00+00:00,,Estate and title review required before disposal. Submitted to ward workflow queue. Ward context: R/C Ward.
1456d8cd-796a-4a39-b854-a828952cef21,BMC-HLT-2026-000095,aa73aaa6-d506-473d-b602-1e56a4c7e044,BMC-PS-400104-000005,Mumbai,MCGM-PS,P/S Ward,health_noc,approved,architect_portal,Komal Jadhav,9800000095,License Department - P/S Ward,bmc.lic.psward,12,8900,pending,True,medium,2025-11-27T04:13:00+00:00,2025-11-27T13:13:00+00:00,2025-12-08T16:13:00+00:00,Health clearance routed for departmental review. Approved after review and document check. Ward context: P/S Ward.
d1ca8149-10e3-4880-a4bf-0345428dc20c,PMC-OCC-2026-000096,ce47c246-7ef7-4d71-b3d0-13eb40cc02f1,PMC-DS-411046-000007,Pune,PMC-DS,Dhankawadi Sahakarnagar,occupancy_certificate,under_review,architect_portal,Om Agency,9800000096,License Department - Dhankawadi Sahakarnagar,pmc.lic.dhankawadisaha,21,97400,paid,False,low,2026-02-25T07:03:00+00:00,2026-02-25T20:03:00+00:00,,Occupancy workflow depends on completion and inspection evidence. Marked under review by licensing officer. Ward context: Dhankawadi Sahakarnagar.
52d78878-38e7-49fb-b79c-a42105ae68c8,BMC-STO-2026-000097,dbacd5f3-041b-42b1-93a8-57bff7362431,BMC-GN-400028-000004,Mumbai,MCGM-GN,G/N Ward,storage_noc,submitted,architect_portal,Harshal Agarwal,9800000097,License Department - G/N Ward,,14,10000,paid,True,medium,2025-11-15T15:10:00+00:00,2025-11-17T04:10:00+00:00,,Storage and safety conditions to be confirmed on site. Submitted to ward workflow queue. Ward context: G/N Ward.
f47e9682-0e62-46d2-bf97-d8346425ec0e,PMC-HLT-2026-000098,8f9242e0-92ca-41d9-8e1b-f578b47a7f65,PMC-DP-411001-000003,Pune,PMC-DP,Dhole Patil,health_noc,draft,department_intake,Vijay Thorve,9800000098,License Department - Dhole Patil,,12,2900,paid,True,high,2026-03-23T01:48:00+00:00,,,Health clearance routed for departmental review. Draft saved by desk operator. Ward context: Dhole Patil.
5278b9d5-8aff-4cb3-bc04-6f026f00e572,PMC-STO-2026-000099,e62d09cf-031b-4788-9279-290a457c1bd6,PMC-AB-411021-000008,Pune,PMC-AB,Aundh Baner,storage_noc,under_review,counter_entry,Prakash Wagh,9800000099,License Department - Aundh Baner,pmc.lic.aundhbaner,14,14800,paid,False,low,2026-01-01T08:13:00+00:00,2026-01-02T11:13:00+00:00,,Storage and safety conditions to be confirmed on site. Marked under review by licensing officer. Ward context: Aundh Baner.
20735752-fdf4-4db7-82c0-24f4da9d95aa,BMC-BPA-2026-000100,16d6f7b6-c1e2-439e-be9f-72c05b141f25,BMC-FN-400019-000001,Mumbai,MCGM-FN,F/N Ward,building_plan_approval,submitted,architect_portal,Neha Bansode,9800000100,License Department - F/N Ward,,30,133300,paid,False,medium,2026-02-28T07:14:00+00:00,2026-03-01T03:14:00+00:00,,Plan scrutiny linked to plot metadata and geotag. Submitted to ward workflow queue. Ward context: F/N Ward.
b9ac773e-0079-4ae0-b382-4e79d4138c66,PMC-TRD-2026-000101,ea6cf2b8-70e0-45be-867b-b1015737017c,PMC-WK-411058-000004,Pune,PMC-WK,Warje Karvenagar,trade_license,under_review,department_intake,Skyline Associates,9800000101,License Department - Warje Karvenagar,pmc.lic.warjekarvenaga,10,12700,pending,False,low,2025-11-11T20:32:00+00:00,2025-11-14T00:32:00+00:00,,Trade activity verified against property use and frontage. Marked under review by licensing officer. Ward context: Warje Karvenagar.
515722d2-6862-4c23-9946-45e8898e59f2,PMC-EST-2026-000102,b4ee5d50-9979-4b34-8d21-4af3573b578d,PMC-NR-411014-000001,Pune,PMC-NR,Nagar Road Vadgaon Sheri,estate_permission,submitted,counter_entry,Swati Karnik,9800000102,License Department - Nagar Road Vadgaon Sheri,,18,7500,paid,True,low,2026-03-13T17:28:00+00:00,2026-03-14T14:28:00+00:00,,Estate and title review required before disposal. Submitted to ward workflow queue. Ward context: Nagar Road Vadgaon Sheri.
29019702-9a43-4050-b089-b8ca6040dcc4,BMC-BPA-2026-000103,a0510d1d-a16c-44d6-b5dd-2e0c7d108ee3,BMC-GS-400013-000004,Mumbai,MCGM-GS,G/S Ward,building_plan_approval,under_review,counter_entry,Vaishali Jadhav,9800000103,License Department - G/S Ward,bmc.lic.gsward,30,258000,paid,True,high,2026-01-09T01:48:00+00:00,2026-01-10T22:48:00+00:00,,Plan scrutiny linked to plot metadata and geotag. Marked under review by licensing officer. Ward context: G/S Ward.
18541fc0-987e-41c6-8e4f-396c0fe2cd31,PMC-BPA-2026-000104,439e4705-9879-4d58-9f3a-0ef9f4e98f71,PMC-KY-411060-000001,Pune,PMC-KY,Kondhwa Yewalewadi,building_plan_approval,approved,counter_entry,Swati Sutar,9800000104,License Department - Kondhwa Yewalewadi,pmc.lic.kondhwayewalew,30,164700,paid,True,low,2025-12-07T18:57:00+00:00,2025-12-08T00:57:00+00:00,2025-12-18T07:57:00+00:00,Plan scrutiny linked to plot metadata and geotag. Approved after review and document check. Ward context: Kondhwa Yewalewadi.
06f15931-7867-40fb-89c4-0fc85e2d86b6,BMC-SBD-2026-000105,4f33509f-d97f-4abe-a972-1b5ef1dfa3cc,BMC-HE-400055-000002,Mumbai,MCGM-HE,H/E Ward,signboard_permission,submitted,web_portal,Fortune Mart,9800000105,License Department - H/E Ward,,7,24200,pending,True,low,2026-02-27T01:14:00+00:00,2026-03-01T23:14:00+00:00,,Signage dimensions and road setback to be verified. Submitted to ward workflow queue. Ward context: H/E Ward.
0ccae267-2ee0-4306-aff9-ff845ddab957,PMC-OCC-2026-000106,aa988b32-7e07-46bf-899e-9a432ba97f73,PMC-DP-411001-000001,Pune,PMC-DP,Dhole Patil,occupancy_certificate,approved,architect_portal,Varsha Kulkarni,9800000106,License Department - Dhole Patil,pmc.lic.dholepatil,21,70800,pending,False,low,2026-01-15T11:33:00+00:00,2026-01-16T23:33:00+00:00,2026-01-27T10:33:00+00:00,Occupancy workflow depends on completion and inspection evidence. Approved after review and document check. Ward context: Dhole Patil.
cb71c31f-39f0-4b50-ac34-ce7b987e8921,PMC-TRD-2026-000107,f3de999f-1c86-4b42-a478-1ee4705704ab,PMC-KY-411048-000007,Pune,PMC-KY,Kondhwa Yewalewadi,trade_license,under_review,architect_portal,Galaxy Decor,9800000107,License Department - Kondhwa Yewalewadi,pmc.lic.kondhwayewalew,10,13100,paid,False,medium,2025-11-17T16:14:00+00:00,2025-11-19T14:14:00+00:00,,Trade activity verified against property use and frontage. Marked under review by licensing officer. Ward context: Kondhwa Yewalewadi.
8fcd71c8-a8f6-4390-ad6d-759eee4cf512,PMC-STO-2026-000108,2292aa51-96a2-4e9f-9c92-ee947cdc0970,PMC-AB-411021-000006,Pune,PMC-AB,Aundh Baner,storage_noc,draft,architect_portal,Amit Shinde,9800000108,License Department - Aundh Baner,,14,5000,paid,True,medium,2025-12-20T01:44:00+00:00,,,Storage and safety conditions to be confirmed on site. Draft saved by desk operator. Ward context: Aundh Baner.
0c74ef8e-6fe0-447b-83b8-31392072ee2f,PMC-TRD-2026-000109,b868b243-1964-4636-a69a-918b8ededf63,PMC-SR-411041-000002,Pune,PMC-SR,Sinhagad Road,trade_license,under_review,counter_entry,Ashish Jadhav,9800000109,License Department - Sinhagad Road,pmc.lic.sinhagadroad,10,9700,paid,True,low,2026-01-03T04:32:00+00:00,2026-01-03T19:32:00+00:00,,Trade activity verified against property use and frontage. Marked under review by licensing officer. Ward context: Sinhagad Road.
dd0b7e93-9061-4280-b17a-61a5cf7e3a06,PMC-FIR-2026-000110,9769c0d4-2d62-456a-bb1e-890d72eb194a,PMC-KY-411048-000006,Pune,PMC-KY,Kondhwa Yewalewadi,fire_referral,under_review,architect_portal,Sheetal Kulkarni,9800000110,License Department - Kondhwa Yewalewadi,pmc.lic.kondhwayewalew,10,8100,paid,True,low,2026-01-09T07:38:00+00:00,2026-01-11T09:38:00+00:00,,Fire compliance referral generated for joint review. Marked under review by licensing officer. Ward context: Kondhwa Yewalewadi.
b4b4bd36-df68-49b1-9c29-4e219e8c5161,PMC-FIR-2026-000111,2db936db-e6d2-4f0b-b2ac-1a36540932b3,PMC-HM-411028-000002,Pune,PMC-HM,Hadapsar Mundhwa,fire_referral,submitted,counter_entry,Shree Agency,9800000111,License Department - Hadapsar Mundhwa,,10,16800,pending,False,medium,2026-01-15T15:51:00+00:00,2026-01-16T00:51:00+00:00,,Fire compliance referral generated for joint review. Submitted to ward workflow queue. Ward context: Hadapsar Mundhwa.
4e557a7d-6619-4bc5-8a4f-1c7ae9548ede,BMC-BPA-2026-000112,221a9033-5e70-477f-9938-8518a1b839d2,BMC-E-400008-000002,Mumbai,MCGM-E,E Ward,building_plan_approval,submitted,architect_portal,Anagha Gaikwad,9800000112,License Department - E Ward,,30,208600,paid,True,medium,2026-03-25T13:52:00+00:00,2026-03-27T23:52:00+00:00,,Plan scrutiny linked to plot metadata and geotag. Submitted to ward workflow queue. Ward context: E Ward.
6eaf1897-be40-498e-acdc-2d8800fa4410,PMC-OCC-2026-000113,dc962667-dabf-4d7e-8067-c35aa232eb44,PMC-SG-411004-000007,Pune,PMC-SG,Shivajinagar Ghole Road,occupancy_certificate,approved,counter_entry,Ashish Wagh,9800000113,License Department - Shivajinagar Ghole Road,pmc.lic.shivajinagargh,21,76800,paid,False,high,2026-02-25T18:43:00+00:00,2026-02-26T07:43:00+00:00,2026-03-08T18:43:00+00:00,Occupancy workflow depends on completion and inspection evidence. Approved after review and document check. Ward context: Shivajinagar Ghole Road.
446d63d0-c303-4d31-80a6-ae19638e6c10,PMC-TRD-2026-000114,c3851fc9-38dc-4977-a13b-e42e6e8ed9d7,PMC-TR-411030-000002,Pune,PMC-TR,Tilak Road,trade_license,submitted,architect_portal,Fortune Developers,9800000114,License Department - Tilak Road,,10,11600,paid,False,low,2026-01-12T21:52:00+00:00,2026-01-13T13:52:00+00:00,,Trade activity verified against property use and frontage. Submitted to ward workflow queue. Ward context: Tilak Road.
86eeb5e2-8086-4385-b581-18b32622b1b4,PMC-TRD-2026-000115,da4493fb-176d-4351-8591-06ab1528f557,PMC-SG-411005-000005,Pune,PMC-SG,Shivajinagar Ghole Road,trade_license,under_review,architect_portal,Shree Foods,9800000115,License Department - Shivajinagar Ghole Road,pmc.lic.shivajinagargh,10,13500,paid,False,low,2025-12-31T15:26:00+00:00,2026-01-01T09:26:00+00:00,,Trade activity verified against property use and frontage. Marked under review by licensing officer. Ward context: Shivajinagar Ghole Road.
108cd829-ec07-426c-b349-9c60f7ddba4a,BMC-TRD-2026-000116,2cb86dfd-1f14-4482-8c19-f2a2ac7394d6,BMC-KW-400058-000003,Mumbai,MCGM-KW,K/W Ward,trade_license,under_review,web_portal,A1 Builders,9800000116,License Department - K/W Ward,bmc.lic.kwward,10,19500,pending,True,low,2025-11-09T21:40:00+00:00,2025-11-09T23:40:00+00:00,,Trade activity verified against property use and frontage. Marked under review by licensing officer. Ward context: K/W Ward.
8950f312-3310-481c-841b-b91c75955f9f,PMC-OCC-2026-000117,707cabb0-2f1e-4a7f-a8d6-0f6b9af23d24,PMC-SR-411051-000004,Pune,PMC-SR,Sinhagad Road,occupancy_certificate,approved,web_portal,Rajesh Khot,9800000117,License Department - Sinhagad Road,pmc.lic.sinhagadroad,21,77000,paid,False,low,2026-01-01T00:04:00+00:00,2026-01-02T03:04:00+00:00,2026-01-12T13:04:00+00:00,Occupancy workflow depends on completion and inspection evidence. Approved after review and document check. Ward context: Sinhagad Road.
e44eb7e5-155b-4b1b-b96e-f1e53edee96f,PMC-SBD-2026-000118,80a0a2f9-675a-4e76-a88d-48d88e216859,PMC-KVW-411002-000008,Pune,PMC-KVW,Kasba Vishrambagwada,signboard_permission,submitted,web_portal,Varsha Patel,9800000118,License Department - Kasba Vishrambagwada,,7,11500,pending,False,medium,2026-03-18T22:39:00+00:00,2026-03-19T14:39:00+00:00,,Signage dimensions and road setback to be verified. Submitted to ward workflow queue. Ward context: Kasba Vishrambagwada.
5bfc3e54-7dcb-47d5-9479-e18a30c50310,PMC-SBD-2026-000119,e066cebd-3457-4541-8ca4-6dd7ab34de1e,PMC-KVW-411002-000007,Pune,PMC-KVW,Kasba Vishrambagwada,signboard_permission,under_review,architect_portal,Pooja Khan,9800000119,License Department - Kasba Vishrambagwada,pmc.lic.kasbavishramba,7,6300,paid,True,high,2026-01-01T23:04:00+00:00,2026-01-02T10:04:00+00:00,,Signage dimensions and road setback to be verified. Marked under review by licensing officer. Ward context: Kasba Vishrambagwada.
09f94fd7-74dd-4405-874a-ee9940fb7131,PMC-TRD-2026-000120,b3373010-cf0d-48c8-8e61-f1551937b1c3,PMC-SG-411004-000004,Pune,PMC-SG,Shivajinagar Ghole Road,trade_license,under_review,web_portal,Silver Logistics,9800000120,License Department - Shivajinagar Ghole Road,pmc.lic.shivajinagargh,10,13300,paid,False,low,2026-03-20T03:27:00+00:00,2026-03-21T01:27:00+00:00,,Trade activity verified against property use and frontage. Marked under review by licensing officer. Ward context: Shivajinagar Ghole Road.
77c914c9-5517-4e4f-9292-4a0ffcc50c5a,BMC-SBD-2026-000121,7d6e93a7-6bed-4699-820f-8a7de52c3a14,BMC-RN-400068-000002,Mumbai,MCGM-RN,R/N Ward,signboard_permission,draft,web_portal,Vaishali Pawar,9800000121,License Department - R/N Ward,,7,15500,paid,False,high,2026-03-08T17:38:00+00:00,,,Signage dimensions and road setback to be verified. Draft saved by desk operator. Ward context: R/N Ward.
13fcfa15-7d6d-45b2-92ea-c113bf81bfae,BMC-TRD-2026-000122,ece28690-ab85-4530-9bce-4ba45d6f827a,BMC-S-400078-000008,Mumbai,MCGM-S,S Ward,trade_license,approved,web_portal,Vaishali Khot,9800000122,License Department - S Ward,bmc.lic.sward,10,10400,paid,True,low,2025-12-09T02:18:00+00:00,2025-12-10T11:18:00+00:00,2025-12-15T22:18:00+00:00,Trade activity verified against property use and frontage. Approved after review and document check. Ward context: S Ward.
4c798374-5cdc-483f-aa99-f60ee5a97455,PMC-STO-2026-000123,682a45c8-4fad-44ee-8ecf-4de7bb4e899f,PMC-HM-411028-000003,Pune,PMC-HM,Hadapsar Mundhwa,storage_noc,approved,architect_portal,Galaxy Engineering,9800000123,License Department - Hadapsar Mundhwa,pmc.lic.hadapsarmundhw,14,22100,paid,True,low,2026-01-26T17:10:00+00:00,2026-01-27T17:10:00+00:00,2026-02-07T21:10:00+00:00,Storage and safety conditions to be confirmed on site. Approved after review and document check. Ward context: Hadapsar Mundhwa.
03ef6e40-5c2e-45a2-8365-eefd4f32be53,PMC-FIR-2026-000124,476913bc-6b74-4c91-8d72-3bcfe0501981,PMC-HM-411028-000009,Pune,PMC-HM,Hadapsar Mundhwa,fire_referral,draft,architect_portal,Rajesh Jadhav,9800000124,License Department - Hadapsar Mundhwa,,10,11000,paid,False,low,2026-03-11T22:49:00+00:00,,,Fire compliance referral generated for joint review. Draft saved by desk operator. Ward context: Hadapsar Mundhwa.
e6ae3f23-70df-479d-a6ed-316276c6b673,PMC-SBD-2026-000125,27b137f2-6149-483d-a148-f2b49cd230f4,PMC-SR-411041-000009,Pune,PMC-SR,Sinhagad Road,signboard_permission,rejected,web_portal,Sneha Sutar,9800000125,License Department - Sinhagad Road,pmc.lic.sinhagadroad,7,14300,paid,True,low,2025-11-07T20:23:00+00:00,2025-11-10T19:23:00+00:00,2025-11-20T04:23:00+00:00,Signage dimensions and road setback to be verified. Returned or rejected after scrutiny due to deficiency. Ward context: Sinhagad Road.
