property_id,property_number,city,ward_code,ward_name,zone_name,area_name,plot_no,survey_no,cts_no,final_plot_no,postal_code,geo_lat,geo_lng,land_area_sq_m,built_up_area_sq_m,occupancy_type,annual_rateable_value_inr,estimated_property_tax_inr,status,use_type,owner_name,owner_contact,structural_risk_band,last_field_verification_date,remarks
362fad27-a915-4546-b667-996a293c5978,BMC-KW-400058-000001,Mumbai,MCGM-KW,K/W Ward,Western Suburbs,Versova,74,163,504,97,400058,19.115078,72.852417,2214,622.2,mixed,31193,10284,active,vacant_land,Rashmi Patel,9900000001,low,2026-06-04,"Vacant parcel; development workflow more likely than trade workflow. Area context: Versova. Approx. land 2214 sq m, built-up 622.2 sq m."
f927dfab-e3e0-4867-8bf4-5b38cf463fad,BMC-RN-400068-000001,Mumbai,MCGM-RN,R/N Ward,Western Suburbs,Dahisar West,117,107,6896,243,400068,19.263178,72.849127,648,1771.0,rented,1151793,258797,under_verification,commercial,Prajakta Gadgil,9900000002,low,2025-10-30,"Frontage and signage potential flagged for annual review. Area context: Dahisar West. Approx. land 648 sq m, built-up 1771.0 sq m."
b4ee5d50-9979-4b34-8d21-4af3573b578d,PMC-NR-411014-000001,Pune,PMC-NR,Nagar Road Vadgaon Sheri,East,Viman Nagar,369,45,8938,205,411014,18.55208,73.927361,123,262.7,rented,34363,7211,disputed,residential,Asha Sutar,9900000003,low,2025-10-23,"Property verified against ward register; owner-occupied share likely high. Area context: Viman Nagar. Approx. land 123 sq m, built-up 262.7 sq m."
3bfb9515-8423-4540-bb2e-e0e9fa9976cf,BMC-PN-400064-000001,Mumbai,MCGM-PN,P/N Ward,Western Suburbs,Liberty Garden,540,276,8388,64,400064,19.195143,72.82857,467,1453.0,rented,1156237,199596,active,commercial,Savita More,9900000004,low,2026-02-12,"Frontage and signage potential flagged for annual review. Area context: Liberty Garden. Approx. land 467 sq m, built-up 1453.0 sq m."
c359488b-80d8-4f7f-8ab0-ee1d29e82872,BMC-N-400077-000001,Mumbai,MCGM-N,N Ward,Eastern Suburbs,Vidyavihar East,114,101,6003,67,400077,19.08843,72.89803,3792,3535.3,owner_occupied,617161,122290,active,institutional,Sunil Joshi,9900000005,low,2026-04-09,"Non-residential public/institutional use; inspections routed via department. Area context: Vidyavihar East. Approx. land 3792 sq m, built-up 3535.3 sq m."
429d1789-ccf5-4605-9a2c-ffb206d2c6a3,PMC-SR-411041-000001,Pune,PMC-SR,Sinhagad Road,South-West,Sinhagad Road,112,220,5401,239,411041,18.462103,73.83778,733,2817.9,owner_occupied,914240,181311,active,commercial,Fortune Hospitality,9900000006,low,2026-02-27,"Frontage and signage potential flagged for annual review. Area context: Sinhagad Road. Approx. land 733 sq m, built-up 2817.9 sq m."
b868b243-1964-4636-a69a-918b8ededf63,PMC-SR-411041-000002,Pune,PMC-SR,Sinhagad Road,South-West,Narhe,18,300,7423,75,411041,18.461171,73.834514,478,715.5,owner_occupied,84043,19782,active,residential,Vidya Jadhav,9900000007,low,2025-12-23,"Property verified against ward register; owner-occupied share likely high. Area context: Narhe. Approx. land 478 sq m, built-up 715.5 sq m."
18d57d6c-210d-45ba-bc2c-426ebca9a576,PMC-HM-411036-000001,Pune,PMC-HM,Hadapsar Mundhwa,East,Mundhwa,823,178,9070,109,411036,18.501572,73.929351,394,806.4,owner_occupied,114349,18464,active,residential,Anagha Deshmukh,9900000008,low,2026-03-03,"Property verified against ward register; owner-occupied share likely high. Area context: Mundhwa. Approx. land 394 sq m, built-up 806.4 sq m."
1433ea04-a9a4-4f6d-b83c-e8f039e2dcfe,BMC-RS-400067-000001,Mumbai,MCGM-RS,R/S Ward,Western Suburbs,Kandivali West,193,106,359,33,400067,19.216235,72.838676,199,464.6,owner_occupied,319369,77527,active,commercial,Ganesh Khan,9900000009,low,2026-02-24,"Frontage and signage potential flagged for annual review. Area context: Kandivali West. Approx. land 199 sq m, built-up 464.6 sq m."
e3f8261e-6bbb-4cd5-aaa0-4e7850d9f7dc,PMC-NR-411006-000002,Pune,PMC-NR,Nagar Road Vadgaon Sheri,East,Viman Nagar,994,215,3728,69,411014,18.547154,73.927972,81,187.6,rented,21201,4167,active,residential,Fortune Stationers,9900000010,low,2025-12-20,"Property verified against ward register; owner-occupied share likely high. Area context: Viman Nagar. Approx. land 81 sq m, built-up 187.6 sq m."
ab07c9dd-b4d3-43e7-9201-53b02e93184a,PMC-AB-411021-000001,Pune,PMC-AB,Aundh Baner,West,Pashan Link,636,103,6886,237,411045,18.564963,73.807087,3848,4062.1,rented,485654,64229,active,institutional,Sunrise Pharmacy,9900000011,low,2025-12-29,"Non-residential public/institutional use; inspections routed via department. Area context: Pashan Link. Approx. land 3848 sq m, built-up 4062.1 sq m."
1473a290-faa4-4495-9ac2-a381e3a4e897,BMC-C-400002-000001,Mumbai,MCGM-C,C Ward,Island City,Marine Lines East,433,183,7524,31,400002,18.943716,72.820648,260,492.1,owner_occupied,172543,29557,active,residential,Aditya Chavan,9900000012,low,2026-01-08,"Property verified against ward register; owner-occupied share likely high. Area context: Marine Lines East. Approx. land 260 sq m, built-up 492.1 sq m."
e3ba5447-299d-4b68-a117-e2c26a10c8bc,PMC-KVW-411011-000001,Pune,PMC-KVW,Kasba Vishrambagwada,Central,Shaniwar Peth,340,27,3290,13,411011,18.51699,73.859199,241,392.6,rented,56879,9006,active,residential,Rutuja More,9900000013,low,2026-01-25,"Property verified against ward register; owner-occupied share likely high. Area context: Shaniwar Peth. Approx. land 241 sq m, built-up 392.6 sq m."
c5a43f5f-07c2-4a73-84bf-e62ba86a7ade,BMC-HE-400055-000001,Mumbai,MCGM-HE,H/E Ward,Western Suburbs,Santacruz East,942,269,4683,243,400055,19.095188,72.854042,366,372.6,rented,95187,26589,active,residential,Sagar Chavan,9900000014,low,2025-10-30,"Property verified against ward register; owner-occupied share likely high. Area context: Santacruz East. Approx. land 366 sq m, built-up 372.6 sq m."
b7be3082-f645-4bb9-af15-cdc38e540005,BMC-ME-400043-000001,Mumbai,MCGM-ME,M/E Ward,Eastern Suburbs,Govandi,151,209,3863,11,400043,19.051708,72.928935,200,870.7,owner_occupied,684169,110465,active,commercial,Neha Patel,9900000015,low,2026-03-31,"Frontage and signage potential flagged for annual review. Area context: Govandi. Approx. land 200 sq m, built-up 870.7 sq m."
db6a5326-b6b6-4189-a232-546d24ea8f44,BMC-FS-400012-000001,Mumbai,MCGM-FS,F/S Ward,City,Bhoiwada,29,272,2293,26,400012,18.990486,72.843484,465,780.1,rented,294451,78310,disputed,industrial,Umesh Patel,9900000016,high,2025-12-05,"Storage/fire referral may be required for certain workflows. Area context: Bhoiwada. Approx. land 465 sq m, built-up 780.1 sq m."
b2f01b9b-33a9-48a5-8033-8c34396889a5,PMC-KB-411021-000001,Pune,PMC-KB,Kothrud Bavdhan,West,Bavdhan,319,192,5116,73,411038,18.504932,73.814656,279,583.0,owner_occupied,77216,16548,inactive,residential,Rashmi Gaikwad,9900000017,low,2025-11-08,"Property verified against ward register; owner-occupied share likely high. Area context: Bavdhan. Approx. land 279 sq m, built-up 583.0 sq m."
692a4499-93c5-4bfe-a727-882311a2c53e,PMC-SG-411005-000001,Pune,PMC-SG,Shivajinagar Ghole Road,Central-West,Deccan Gymkhana,154,262,6211,172,411005,18.534476,73.849288,213,572.5,owner_occupied,82027,16171,active,residential,Siddharth Yadav,9900000018,low,2025-10-09,"Property verified against ward register; owner-occupied share likely high. Area context: Deccan Gymkhana. Approx. land 213 sq m, built-up 572.5 sq m."
caac8789-d96e-4641-a328-e16edfac7ff3,BMC-GN-400028-000001,Mumbai,MCGM-GN,G/N Ward,City,Shivaji Park,63,262,5741,41,400028,19.00849,72.840396,56,60.7,mixed,20860,4398,active,residential,Global Lounge,9900000019,high,2025-10-17,"Property verified against ward register; owner-occupied share likely high. Area context: Shivaji Park. Approx. land 56 sq m, built-up 60.7 sq m."
0344a06e-625f-4ecf-a6a3-060a9d4051ac,PMC-KVW-411030-000002,Pune,PMC-KVW,Kasba Vishrambagwada,Central,Budhwar Peth,164,66,2980,68,411011,18.525331,73.850573,4909,12186.6,owner_occupied,2273380,485663,active,industrial,Rutuja Khot,9900000020,low,2026-02-12,"Storage/fire referral may be required for certain workflows. Area context: Budhwar Peth. Approx. land 4909 sq m, built-up 12186.6 sq m."
3e2d9dbd-dc37-44c5-a7b8-5f874ac4edb7,BMC-KE-400069-000001,Mumbai,MCGM-KE,K/E Ward,Western Suburbs,JB Nagar,603,29,1956,76,400069,19.123069,72.860634,1183,2075.5,rented,1224064,382899,active,commercial,Manisha Khan,9900000021,medium,2025-10-26,"Frontage and signage potential flagged for annual review. Area context: JB Nagar. Approx. land 1183 sq m, built-up 2075.5 sq m."
be93cdaa-3e7d-4ce8-8a8b-0f04a379bf30,BMC-S-400078-000001,Mumbai,MCGM-S,S Ward,Eastern Suburbs,Bhandup West,154,246,4354,40,400078,19.138757,72.930352,305,734.7,rented,249919,53427,active,residential,Pooja Naik,9900000022,medium,2025-10-07,"Property verified against ward register; owner-occupied share likely high. Area context: Bhandup West. Approx. land 305 sq m, built-up 734.7 sq m."
1a06a290-0036-47d0-9866-bd1276d16c37,BMC-N-400077-000002,Mumbai,MCGM-N,N Ward,Eastern Suburbs,Ghatkopar East,937,78,1417,167,400077,19.07277,72.908172,3939,7737.8,rented,1230801,374903,under_verification,institutional,Varsha Chavan,9900000023,low,2026-04-07,"Non-residential public/institutional use; inspections routed via department. Area context: Ghatkopar East. Approx. land 3939 sq m, built-up 7737.8 sq m."
536c5c65-3f9a-465d-986c-ae0b0eb372e5,PMC-TR-411030-000001,Pune,PMC-TR,Tilak Road,Central,Perugate,727,118,3718,164,411030,18.508918,73.858437,73,271.7,owner_occupied,70927,12767,active,commercial,Atul Singh,9900000024,low,2025-12-17,"Frontage and signage potential flagged for annual review. Area context: Perugate. Approx. land 73 sq m, built-up 271.7 sq m."
ea30d4c9-439e-46fd-b335-5f9408b8573e,BMC-KW-400058-000002,Mumbai,MCGM-KW,K/W Ward,Western Suburbs,Lokhandwala,145,81,3817,130,400058,19.138103,72.846864,276,290.6,mixed,100221,20264,active,residential,Vaishali Sutar,9900000025,low,2026-05-10,"Property verified against ward register; owner-occupied share likely high. Area context: Lokhandwala. Approx. land 276 sq m, built-up 290.6 sq m."
baef42bc-d4a1-4bcc-8540-2dae1db14627,PMC-DS-411046-000001,Pune,PMC-DS,Dhankawadi Sahakarnagar,South,Balajinagar,873,299,5062,243,411009,18.465932,73.854411,687,713.7,owner_occupied,151356,26740,active,industrial,Vikas More,9900000026,low,2026-05-25,"Storage/fire referral may be required for certain workflows. Area context: Balajinagar. Approx. land 687 sq m, built-up 713.7 sq m."
2db936db-e6d2-4f0b-b2ac-1a36540932b3,PMC-HM-411028-000002,Pune,PMC-HM,Hadapsar Mundhwa,East,Hadapsar,539,148,8611,156,411036,18.48972,73.928928,777,2965.4,rented,887889,154486,active,commercial,Sonali Kadam,9900000027,low,2025-11-20,"Frontage and signage potential flagged for annual review. Area context: Hadapsar. Approx. land 777 sq m, built-up 2965.4 sq m."
f02019ce-b238-4525-b985-fd13fa39d277,PMC-NR-411014-000003,Pune,PMC-NR,Nagar Road Vadgaon Sheri,East,Nagar Road,813,131,7134,138,411006,18.547588,73.924731,2174,494.7,owner_occupied,12325,2643,active,vacant_land,Mahesh Agarwal,9900000028,low,2025-08-23,"Vacant parcel; development workflow more likely than trade workflow. Area context: Nagar Road. Approx. land 2174 sq m, built-up 494.7 sq m."
ccfd17ad-1b36-4b0d-a92c-84afccd6541d,PMC-SR-411041-000003,Pune,PMC-SR,Sinhagad Road,South-West,Dhayari,631,218,1892,183,411051,18.461846,73.837977,3076,5367.1,mixed,675620,77880,active,institutional,Prajakta Kale,9900000029,low,2026-01-16,"Non-residential public/institutional use; inspections routed via department. Area context: Dhayari. Approx. land 3076 sq m, built-up 5367.1 sq m."
01bb7ea2-6c81-4969-a07a-1dcdaa285805,BMC-S-400078-000002,Mumbai,MCGM-S,S Ward,Eastern Suburbs,Kanjurmarg,123,83,9832,56,400078,19.160201,72.937753,1611,1652.8,mixed,294530,74353,active,institutional,Amit Shinde,9900000030,medium,2026-01-09,"Non-residential public/institutional use; inspections routed via department. Area context: Kanjurmarg. Approx. land 1611 sq m, built-up 1652.8 sq m."
0b6c209f-ce7c-41ad-aa2f-e408fa5fbf48,BMC-T-400080-000001,Mumbai,MCGM-T,T Ward,Eastern Suburbs,Nahur East,612,255,6116,233,400080,19.165152,72.949724,75,209.8,owner_occupied,57042,11238,active,residential,Manisha Karnik,9900000031,low,2026-01-08,"Property verified against ward register; owner-occupied share likely high. Area context: Nahur East. Approx. land 75 sq m, built-up 209.8 sq m."
730ac533-042e-48db-ba51-df777152b4db,BMC-MW-400071-000001,Mumbai,MCGM-MW,M/W Ward,Eastern Suburbs,Deonar Annexe,385,222,6980,81,400071,19.058663,72.891703,594,990.6,owner_occupied,655282,136683,active,commercial,Rohit Mehta,9900000032,medium,2026-02-02,"Frontage and signage potential flagged for annual review. Area context: Deonar Annexe. Approx. land 594 sq m, built-up 990.6 sq m."
b0b4d6f5-ac0e-4f82-833d-7377f5d0f78e,PMC-AB-411045-000002,Pune,PMC-AB,Aundh Baner,West,Baner,407,97,9543,60,411021,18.550669,73.809953,341,791.9,owner_occupied,200538,45817,active,commercial,Pratham Stores,9900000033,medium,2026-04-04,"Frontage and signage potential flagged for annual review. Area context: Baner. Approx. land 341 sq m, built-up 791.9 sq m."
6d972750-c4d6-4b33-b4c4-b2eb945744d6,BMC-HW-400050-000001,Mumbai,MCGM-HW,H/W Ward,Western Suburbs,Khar West,752,185,791,20,400050,19.044625,72.839366,1131,1755.0,owner_occupied,310190,68796,active,institutional,Vardhaman Mart,9900000034,low,2026-04-09,"Non-residential public/institutional use; inspections routed via department. Area context: Khar West. Approx. land 1131 sq m, built-up 1755.0 sq m."
9732079f-4d76-4b85-897f-9bb46aea1b1b,PMC-KVW-411002-000003,Pune,PMC-KVW,Kasba Vishrambagwada,Central,Vishrambag Wada,66,172,6364,58,411011,18.515755,73.853428,591,1037.2,mixed,241886,33175,active,mixed_use,Sunrise Bakery,9900000035,low,2025-10-22,"Ground-floor commercial activity noted; upper floors residential. Area context: Vishrambag Wada. Approx. land 591 sq m, built-up 1037.2 sq m."
c4b3f0c1-992b-4510-b094-d49e0e14bbaf,PMC-YKD-411006-000001,Pune,PMC-YKD,Yerwada Kalas Dhanori,North-East,Yerwada,833,27,5294,19,411032,18.560218,73.893353,313,658.9,owner_occupied,69816,19602,active,residential,Nirman Enterprises,9900000036,low,2026-01-25,"Property verified against ward register; owner-occupied share likely high. Area context: Yerwada. Approx. land 313 sq m, built-up 658.9 sq m."
bab0ce15-ca03-4588-8d7e-2426f1ba3cff,PMC-AB-411021-000003,Pune,PMC-AB,Aundh Baner,West,Balewadi,744,22,4366,51,411045,18.555697,73.800112,1954,4159.8,rented,404107,63240,sealed,institutional,Rutuja Sutar,9900000037,low,2026-02-12,"Non-residential public/institutional use; inspections routed via department. Area context: Balewadi. Approx. land 1954 sq m, built-up 4159.8 sq m."
707cabb0-2f1e-4a7f-a8d6-0f6b9af23d24,PMC-SR-411051-000004,Pune,PMC-SR,Sinhagad Road,South-West,Narhe,649,275,8633,207,411041,18.449439,73.819978,370,978.8,rented,111051,21999,active,residential,Manisha Gadgil,9900000038,low,2026-03-14,"Property verified against ward register; owner-occupied share likely high. Area context: Narhe. Approx. land 370 sq m, built-up 978.8 sq m."
2cb86dfd-1f14-4482-8c19-f2a2ac7394d6,BMC-KW-400058-000003,Mumbai,MCGM-KW,K/W Ward,Western Suburbs,Andheri West,784,235,7480,181,400058,19.119608,72.852995,517,1712.7,owner_occupied,982633,261820,active,commercial,Global Mart,9900000039,medium,2026-02-10,"Frontage and signage potential flagged for annual review. Area context: Andheri West. Approx. land 517 sq m, built-up 1712.7 sq m."
7aa0d257-f4e9-4ba6-93d0-b24483b0931c,PMC-SR-411051-000005,Pune,PMC-SR,Sinhagad Road,South-West,Dhayari,569,223,1618,95,411051,18.460081,73.837267,1858,1767.0,rented,180284,30725,active,institutional,Deepa Bansode,9900000040,low,2025-12-21,"Non-residential public/institutional use; inspections routed via department. Area context: Dhayari. Approx. land 1858 sq m, built-up 1767.0 sq m."
f72b4a7f-196b-43ad-8de6-9517720db875,BMC-N-400077-000003,Mumbai,MCGM-N,N Ward,Eastern Suburbs,Pant Nagar,378,46,7029,234,400077,19.075868,72.897371,894,1937.3,owner_occupied,995851,210865,under_verification,mixed_use,Kavita Gadgil,9900000041,medium,2026-06-05,"Ground-floor commercial activity noted; upper floors residential. Area context: Pant Nagar. Approx. land 894 sq m, built-up 1937.3 sq m."
56427195-51b6-4d3d-b720-6a54ef192271,PMC-BBW-411043-000001,Pune,PMC-BBW,Bibwewadi,South,Market Yard,262,57,2861,48,411037,18.472542,73.872396,134,132.5,mixed,14095,2600,active,residential,Neha Kulkarni,9900000042,low,2026-05-08,"Property verified against ward register; owner-occupied share likely high. Area context: Market Yard. Approx. land 134 sq m, built-up 132.5 sq m."
1bcb5087-070b-477e-a177-1d78ebe610e0,PMC-BP-411011-000001,Pune,PMC-BP,Bhavani Peth,Central,Mahatma Phule Peth,510,62,8431,233,411011,18.513354,73.861661,296,542.8,owner_occupied,79784,11876,active,residential,Vijay Singh,9900000043,medium,2026-02-19,"Property verified against ward register; owner-occupied share likely high. Area context: Mahatma Phule Peth. Approx. land 296 sq m, built-up 542.8 sq m."
439e4705-9879-4d58-9f3a-0ef9f4e98f71,PMC-KY-411060-000001,Pune,PMC-KY,Kondhwa Yewalewadi,South,Kondhwa,437,170,4321,167,411060,18.455562,73.891756,2514,3815.6,rented,334187,65032,active,institutional,Shree Agency,9900000044,low,2026-01-29,"Non-residential public/institutional use; inspections routed via department. Area context: Kondhwa. Approx. land 2514 sq m, built-up 3815.6 sq m."
9b8aa80e-324d-4417-9144-14d39f295f2d,BMC-A-400001-000001,Mumbai,MCGM-A,A Ward,Island City,Colaba,7,203,5263,230,400001,18.932332,72.834714,306,460.7,mixed,119242,25273,active,residential,Greenfield Logistics,9900000045,low,2026-06-21,"Property verified against ward register; owner-occupied share likely high. Area context: Colaba. Approx. land 306 sq m, built-up 460.7 sq m."
ca8930d3-fa8b-48ac-99b3-ff0849c0a2f9,PMC-KVW-411011-000004,Pune,PMC-KVW,Kasba Vishrambagwada,Central,Kasba Peth,934,178,4530,46,411002,18.522094,73.853856,364,702.4,rented,87601,18250,active,residential,Sunil Kale,9900000046,medium,2025-09-05,"Property verified against ward register; owner-occupied share likely high. Area context: Kasba Peth. Approx. land 364 sq m, built-up 702.4 sq m."
1b3a9ae8-e923-4fb2-8ee1-3efd4fd26f62,PMC-KVW-411011-000005,Pune,PMC-KVW,Kasba Vishrambagwada,Central,Shaniwar Peth,434,134,6740,222,411002,18.521569,73.853605,364,770.7,owner_occupied,87582,18262,under_verification,residential,Global Engineering,9900000047,low,2026-04-15,"Property verified against ward register; owner-occupied share likely high. Area context: Shaniwar Peth. Approx. land 364 sq m, built-up 770.7 sq m."
bf31624f-69f9-4ed3-9bb3-1b92c5f9cd0d,PMC-WK-411052-000001,Pune,PMC-WK,Warje Karvenagar,West,Erandwane Annexe,48,293,9108,32,411058,18.490554,73.806326,186,651.7,rented,222929,41095,active,commercial,Urban Traders,9900000048,low,2026-03-12,"Frontage and signage potential flagged for annual review. Area context: Erandwane Annexe. Approx. land 186 sq m, built-up 651.7 sq m."
f493204c-43af-450a-b7d2-2351664ff9f1,BMC-S-400078-000003,Mumbai,MCGM-S,S Ward,Eastern Suburbs,Kanjurmarg,329,185,542,153,400078,19.138949,72.929138,444,1738.4,owner_occupied,1259059,241393,active,commercial,Asha Patel,9900000049,high,2025-11-23,"Frontage and signage potential flagged for annual review. Area context: Kanjurmarg. Approx. land 444 sq m, built-up 1738.4 sq m."
ca5eae08-ed40-4dac-a828-fbea52e0faec,BMC-GN-400028-000002,Mumbai,MCGM-GN,G/N Ward,City,Dadar West,878,105,7991,46,400028,19.00883,72.850587,612,1235.5,mixed,701574,149169,active,commercial,Global Decor,9900000050,medium,2025-12-28,"Frontage and signage potential flagged for annual review. Area context: Dadar West. Approx. land 612 sq m, built-up 1235.5 sq m."
34a2d85c-b62c-4e3a-a0dc-95fbf2711c8f,PMC-KB-411021-000002,Pune,PMC-KB,Kothrud Bavdhan,West,Bavdhan,520,215,5823,83,411038,18.498386,73.799603,645,1432.7,owner_occupied,229684,49808,active,industrial,Supriya Thorve,9900000051,medium,2026-02-12,"Storage/fire referral may be required for certain workflows. Area context: Bavdhan. Approx. land 645 sq m, built-up 1432.7 sq m."
650ca796-ac6a-48cc-a9eb-fd155f98c445,BMC-RS-400067-000002,Mumbai,MCGM-RS,R/S Ward,Western Suburbs,Charkop,888,72,6449,229,400067,19.197481,72.836405,1061,1414.2,owner_occupied,922791,190208,active,commercial,Yogesh Thorve,9900000052,low,2026-04-17,"Frontage and signage potential flagged for annual review. Area context: Charkop. Approx. land 1061 sq m, built-up 1414.2 sq m."
97125b54-5cc4-4c0f-b0a0-1f7a8a32d3e6,BMC-A-400001-000002,Mumbai,MCGM-A,A Ward,Island City,Fort,916,37,3423,128,400001,18.946448,72.836507,416,842.5,owner_occupied,423287,69833,active,mixed_use,Ashish Agarwal,9900000053,high,2025-10-22,"Ground-floor commercial activity noted; upper floors residential. Area context: Fort. Approx. land 416 sq m, built-up 842.5 sq m."
257cf4ef-1c88-4de9-9a17-fa8db8926bd9,PMC-AB-411045-000004,Pune,PMC-AB,Aundh Baner,West,Aundh,133,29,8250,80,411021,18.551069,73.816456,2014,178.7,rented,12000,2500,active,vacant_land,Varsha Kadam,9900000054,low,2025-11-26,"Vacant parcel; development workflow more likely than trade workflow. Area context: Aundh. Approx. land 2014 sq m, built-up 178.7 sq m."
a989218b-c383-4880-ba1c-c00f22e42182,BMC-RC-400092-000001,Mumbai,MCGM-RC,R/C Ward,Western Suburbs,Eksar,997,45,4836,195,400092,19.237514,72.850919,263,275.4,owner_occupied,101162,17093,active,residential,Umesh Raut,9900000055,low,2026-04-23,"Property verified against ward register; owner-occupied share likely high. Area context: Eksar. Approx. land 263 sq m, built-up 275.4 sq m."
82a01d3e-5519-4b69-8bfc-d4bb34571d59,BMC-GS-400013-000001,Mumbai,MCGM-GS,G/S Ward,City,Lower Parel,166,108,4498,216,400013,19.001088,72.817764,2435,3572.7,owner_occupied,678073,158482,active,institutional,Sonali Patil,9900000056,medium,2025-10-27,"Non-residential public/institutional use; inspections routed via department. Area context: Lower Parel. Approx. land 2435 sq m, built-up 3572.7 sq m."
1f816519-5cae-481b-bca0-2e94e26bb733,PMC-BP-411042-000002,Pune,PMC-BP,Bhavani Peth,Central,Mahatma Phule Peth,76,261,8712,24,411042,18.513953,73.869051,230,268.4,owner_occupied,29722,6229,disputed,residential,Sheetal Singh,9900000057,low,2026-01-21,"Property verified against ward register; owner-occupied share likely high. Area context: Mahatma Phule Peth. Approx. land 230 sq m, built-up 268.4 sq m."
7d6e93a7-6bed-4699-820f-8a7de52c3a14,BMC-RN-400068-000002,Mumbai,MCGM-RN,R/N Ward,Western Suburbs,Rawalpada,461,30,325,54,400068,19.253684,72.847776,334,779.2,owner_occupied,223593,62139,active,residential,Om Pharmacy,9900000058,low,2025-10-23,"Property verified against ward register; owner-occupied share likely high. Area context: Rawalpada. Approx. land 334 sq m, built-up 779.2 sq m."
515de7c3-35f8-46fd-845c-6843b83997fe,BMC-RN-400068-000003,Mumbai,MCGM-RN,R/N Ward,Western Suburbs,Rawalpada,778,216,3807,194,400068,19.249781,72.864441,801,3243.1,mixed,2685811,560207,inactive,commercial,Sunita Khan,9900000059,low,2025-11-10,"Frontage and signage potential flagged for annual review. Area context: Rawalpada. Approx. land 801 sq m, built-up 3243.1 sq m."
9476014a-7c0f-46c4-9c0e-e1022390120e,BMC-ME-400043-000002,Mumbai,MCGM-ME,M/E Ward,Eastern Suburbs,Deonar,55,163,1873,123,400043,19.063013,72.905984,168,205.6,owner_occupied,72342,15976,active,residential,A1 Builders,9900000060,low,2025-10-14,"Property verified against ward register; owner-occupied share likely high. Area context: Deonar. Approx. land 168 sq m, built-up 205.6 sq m."
682a45c8-4fad-44ee-8ecf-4de7bb4e899f,PMC-HM-411028-000003,Pune,PMC-HM,Hadapsar Mundhwa,East,Magarpatta,788,116,2623,5,411028,18.501665,73.942821,382,1075.7,owner_occupied,265296,33106,active,mixed_use,Supriya Naik,9900000061,medium,2026-02-06,"Ground-floor commercial activity noted; upper floors residential. Area context: Magarpatta. Approx. land 382 sq m, built-up 1075.7 sq m."
2e44c395-d37f-4c16-8878-2e7f53be790e,PMC-SG-411005-000002,Pune,PMC-SG,Shivajinagar Ghole Road,Central-West,Deccan Gymkhana,868,282,7972,18,411005,18.530742,73.84821,395,840.4,owner_occupied,123357,25153,under_verification,residential,Shraddha Khot,9900000062,medium,2026-03-13,"Property verified against ward register; owner-occupied share likely high. Area context: Deccan Gymkhana. Approx. land 395 sq m, built-up 840.4 sq m."
02b74410-cc97-4a20-b8f0-0978bcce5189,BMC-KE-400069-000002,Mumbai,MCGM-KE,K/E Ward,Western Suburbs,Marol,956,274,1376,171,400069,19.115197,72.857184,170,692.0,owner_occupied,484856,85637,active,commercial,Kailas More,9900000063,medium,2026-03-10,"Frontage and signage potential flagged for annual review. Area context: Marol. Approx. land 170 sq m, built-up 692.0 sq m."
2deb28a4-8af1-4efa-a0e4-562a3e1f7add,BMC-RS-400067-000003,Mumbai,MCGM-RS,R/S Ward,Western Suburbs,Charkop,975,177,6246,147,400067,19.195737,72.830028,231,430.1,owner_occupied,120300,33652,active,residential,Skyline Solutions,9900000064,low,2026-04-20,"Property verified against ward register; owner-occupied share likely high. Area context: Charkop. Approx. land 231 sq m, built-up 430.1 sq m."
14fc0fc7-9cc6-4e68-878a-2aa38655f641,PMC-KVW-411011-000006,Pune,PMC-KVW,Kasba Vishrambagwada,Central,Budhwar Peth,750,239,4448,227,411002,18.519883,73.854202,217,225.3,mixed,22877,4332,sealed,residential,Fortune Pharmacy,9900000065,low,2025-09-08,"Property verified against ward register; owner-occupied share likely high. Area context: Budhwar Peth. Approx. land 217 sq m, built-up 225.3 sq m."
3483e4f5-aebd-453c-9a7e-24f5f04d2fa4,BMC-L-400070-000001,Mumbai,MCGM-L,L Ward,Eastern Suburbs,Kurla West,453,189,6986,44,400070,19.077393,72.874771,122,148.4,mixed,49504,9296,under_verification,residential,Sneha Gadgil,9900000066,low,2025-12-02,"Property verified against ward register; owner-occupied share likely high. Area context: Kurla West. Approx. land 122 sq m, built-up 148.4 sq m."
2044c392-a776-451a-91a3-420df989bdda,BMC-GN-400028-000003,Mumbai,MCGM-GN,G/N Ward,City,Shivaji Park,787,77,8472,53,400028,19.029273,72.840783,436,626.3,owner_occupied,214655,46579,active,residential,Sneha Yadav,9900000067,medium,2026-03-02,"Property verified against ward register; owner-occupied share likely high. Area context: Shivaji Park. Approx. land 436 sq m, built-up 626.3 sq m."
b0337355-2365-44d3-aabe-cae2d4a33646,PMC-SR-411051-000006,Pune,PMC-SR,Sinhagad Road,South-West,Sinhagad Road,276,244,7340,38,411051,18.467945,73.831034,4434,9333.6,mixed,1556399,277893,active,industrial,Siddharth Naik,9900000068,medium,2025-11-28,"Storage/fire referral may be required for certain workflows. Area context: Sinhagad Road. Approx. land 4434 sq m, built-up 9333.6 sq m."
fabde25c-5591-4988-bc4e-54ca540cc935,PMC-DS-411043-000002,Pune,PMC-DS,Dhankawadi Sahakarnagar,South,Sahakarnagar,97,264,364,230,411043,18.461763,73.85048,104,229.1,owner_occupied,32463,6511,active,residential,Sameer Shah,9900000069,medium,2026-04-01,"Property verified against ward register; owner-occupied share likely high. Area context: Sahakarnagar. Approx. land 104 sq m, built-up 229.1 sq m."
0f0ba6c8-0941-40fe-a092-315238491e00,PMC-DS-411046-000003,Pune,PMC-DS,Dhankawadi Sahakarnagar,South,Sahakarnagar,903,189,696,239,411046,18.449198,73.862478,194,509.9,owner_occupied,74709,11332,active,residential,Vidya Patil,9900000070,low,2026-03-06,"Property verified against ward register; owner-occupied share likely high. Area context: Sahakarnagar. Approx. land 194 sq m, built-up 509.9 sq m."
85d8eb42-600f-4eab-9c8f-b419b445f67c,BMC-KE-400069-000003,Mumbai,MCGM-KE,K/E Ward,Western Suburbs,JB Nagar,409,28,4171,43,400069,19.112212,72.867675,119,149.8,owner_occupied,39351,8447,active,residential,Varsha Kale,9900000071,low,2026-04-13,"Property verified against ward register; owner-occupied share likely high. Area context: JB Nagar. Approx. land 119 sq m, built-up 149.8 sq m."
a88bea5e-7b37-4062-b266-9516ae956a82,PMC-KB-411038-000003,Pune,PMC-KB,Kothrud Bavdhan,West,Kothrud,104,193,6718,14,411021,18.512203,73.79816,702,1176.7,owner_occupied,274774,38920,active,mixed_use,Metro Builders,9900000072,low,2026-05-17,"Ground-floor commercial activity noted; upper floors residential. Area context: Kothrud. Approx. land 702 sq m, built-up 1176.7 sq m."
ad05c979-42b8-4976-9817-5ff6e5ee6d6a,BMC-C-400002-000002,Mumbai,MCGM-C,C Ward,Island City,Chandanwadi,366,71,4877,2,400002,18.960955,72.820191,183,263.4,rented,68643,20333,active,residential,Metro Developers,9900000073,low,2026-05-08,"Property verified against ward register; owner-occupied share likely high. Area context: Chandanwadi. Approx. land 183 sq m, built-up 263.4 sq m."
e066cebd-3457-4541-8ca4-6dd7ab34de1e,PMC-KVW-411002-000007,Pune,PMC-KVW,Kasba Vishrambagwada,Central,Vishrambag Wada,487,286,1210,148,411011,18.513499,73.859267,147,269.0,mixed,39488,7092,active,residential,Om Mart,9900000074,medium,2025-09-13,"Property verified against ward register; owner-occupied share likely high. Area context: Vishrambag Wada. Approx. land 147 sq m, built-up 269.0 sq m."
230da0de-c8c9-47a1-97c9-d52008c3561f,PMC-AB-411007-000005,Pune,PMC-AB,Aundh Baner,West,Baner,474,228,1886,218,411045,18.555153,73.798135,489,1956.4,owner_occupied,660047,83655,active,commercial,Deepa Pawar,9900000075,low,2026-01-06,"Frontage and signage potential flagged for annual review. Area context: Baner. Approx. land 489 sq m, built-up 1956.4 sq m."
2f3ea6ce-63dc-47c6-8f6e-c16aae4002a2,BMC-RN-400068-000004,Mumbai,MCGM-RN,R/N Ward,Western Suburbs,Anand Nagar,732,182,5969,110,400068,19.24451,72.85837,100,145.9,owner_occupied,47397,10627,active,residential,Shree Enterprises,9900000076,low,2026-03-10,"Property verified against ward register; owner-occupied share likely high. Area context: Anand Nagar. Approx. land 100 sq m, built-up 145.9 sq m."
bf215a62-dfb4-47da-825e-4b9360523491,PMC-YKD-411015-000002,Pune,PMC-YKD,Yerwada Kalas Dhanori,North-East,Phulenagar,407,57,7238,206,411015,18.562895,73.907052,810,2736.0,mixed,722125,136426,active,commercial,Anagha Yadav,9900000077,low,2025-10-07,"Frontage and signage potential flagged for annual review. Area context: Phulenagar. Approx. land 810 sq m, built-up 2736.0 sq m."
5d2d0cdc-8fa2-4cac-ba2a-9ef5b892da1a,PMC-SR-411051-000007,Pune,PMC-SR,Sinhagad Road,South-West,Sinhagad Road,291,205,9384,132,411051,18.450058,73.820956,662,1666.3,owner_occupied,519776,90253,active,commercial,Mahalaxmi Builders,9900000078,low,2025-11-13,"Frontage and signage potential flagged for annual review. Area context: Sinhagad Road. Approx. land 662 sq m, built-up 1666.3 sq m."
b51b1686-5472-467e-9c22-8f639036b2cb,PMC-WK-411052-000002,Pune,PMC-WK,Warje Karvenagar,West,Karvenagar,94,20,288,139,411052,18.480418,73.814936,692,1878.2,rented,573021,91245,active,commercial,Siddharth Kapoor,9900000079,high,2026-01-11,"Frontage and signage potential flagged for annual review. Area context: Karvenagar. Approx. land 692 sq m, built-up 1878.2 sq m."
454b819e-d5a2-4f12-8092-b85ea7128c53,BMC-B-400009-000001,Mumbai,MCGM-B,B Ward,Island City,Dongri,149,222,1595,93,400009,18.965991,72.842763,693,837.5,owner_occupied,679787,112751,active,commercial,Reliable Stores,9900000080,medium,2025-12-31,"Frontage and signage potential flagged for annual review. Area context: Dongri. Approx. land 693 sq m, built-up 837.5 sq m."
a7254628-4035-4645-b428-225ffb8e3cb7,BMC-E-400008-000001,Mumbai,MCGM-E,E Ward,Island City,Byculla,711,174,5828,52,400008,18.98774,72.82679,300,902.5,owner_occupied,719936,141526,active,commercial,Fortune Developers,9900000081,medium,2026-05-30,"Frontage and signage potential flagged for annual review. Area context: Byculla. Approx. land 300 sq m, built-up 902.5 sq m."
9c35eafc-ce38-4a4b-920d-e748bba91d49,BMC-MW-400071-000002,Mumbai,MCGM-MW,M/W Ward,Eastern Suburbs,Chembur,122,237,8097,61,400071,19.052019,72.891451,2342,4989.6,owner_occupied,1016932,181967,active,institutional,Greenfield Warehousing,9900000082,low,2025-12-25,"Non-residential public/institutional use; inspections routed via department. Area context: Chembur. Approx. land 2342 sq m, built-up 4989.6 sq m."
2d863576-cc60-4c84-9d7e-bce7436a6a49,BMC-N-400077-000004,Mumbai,MCGM-N,N Ward,Eastern Suburbs,Vidyavihar East,398,215,2109,213,400077,19.094941,72.898292,402,924.3,rented,234012,67492,active,residential,Anagha Thorve,9900000083,low,2025-07-20,"Property verified against ward register; owner-occupied share likely high. Area context: Vidyavihar East. Approx. land 402 sq m, built-up 924.3 sq m."
dbacd5f3-041b-42b1-93a8-57bff7362431,BMC-GN-400028-000004,Mumbai,MCGM-GN,G/N Ward,City,Dadar West,492,57,4863,133,400028,19.016645,72.830911,142,254.7,rented,78573,15850,active,residential,Sheetal Yadav,9900000084,low,2026-03-13,"Property verified against ward register; owner-occupied share likely high. Area context: Dadar West. Approx. land 142 sq m, built-up 254.7 sq m."
f707ddab-cfe8-4784-9c6d-91e0fe130fd1,PMC-HM-411036-000004,Pune,PMC-HM,Hadapsar Mundhwa,East,Hadapsar,145,290,3265,229,411036,18.499996,73.94735,907,2760.3,mixed,863204,135094,active,commercial,Shubham Bansode,9900000085,high,2026-03-15,"Frontage and signage potential flagged for annual review. Area context: Hadapsar. Approx. land 907 sq m, built-up 2760.3 sq m."
b1ed4312-1e60-42bf-98e7-0916d6f1132c,PMC-WR-411013-000001,Pune,PMC-WR,Wanowrie Ramtekdi,South-East,Fatima Nagar,707,98,8514,102,411040,18.496047,73.898381,149,370.8,rented,39667,8901,under_verification,residential,Milind Pawar,9900000086,low,2025-12-03,"Property verified against ward register; owner-occupied share likely high. Area context: Fatima Nagar. Approx. land 149 sq m, built-up 370.8 sq m."
82949336-cd63-49d7-8733-1a58528a91b3,BMC-PS-400104-000001,Mumbai,MCGM-PS,P/S Ward,Western Suburbs,Goregaon West,301,138,890,45,400104,19.163088,72.854302,888,2143.8,mixed,1334877,304301,active,commercial,Deepak Jadhav,9900000087,low,2025-12-23,"Frontage and signage potential flagged for annual review. Area context: Goregaon West. Approx. land 888 sq m, built-up 2143.8 sq m."
ca706269-4982-4bc9-bd31-d5a2141d4721,BMC-GS-400013-000002,Mumbai,MCGM-GS,G/S Ward,City,Worli,402,143,2385,224,400013,19.010697,72.819843,491,1669.0,rented,1306002,247554,active,commercial,Omkar Naik,9900000088,low,2026-05-04,"Frontage and signage potential flagged for annual review. Area context: Worli. Approx. land 491 sq m, built-up 1669.0 sq m."
15b532bf-3093-4fb7-8376-e99933eee4ef,BMC-RC-400092-000002,Mumbai,MCGM-RC,R/C Ward,Western Suburbs,Chandavarkar Road,597,290,3007,122,400092,19.242453,72.838144,1146,2931.0,rented,2413744,375787,active,commercial,Asha Kapoor,9900000089,medium,2026-03-08,"Frontage and signage potential flagged for annual review. Area context: Chandavarkar Road. Approx. land 1146 sq m, built-up 2931.0 sq m."
f65df517-7160-4d50-9b23-d47e5e2d9621,PMC-KB-411038-000004,Pune,PMC-KB,Kothrud Bavdhan,West,Kothrud,556,242,8242,73,411038,18.513347,73.806644,268,506.1,owner_occupied,71546,10447,active,residential,Sagar Jadhav,9900000090,low,2026-06-01,"Property verified against ward register; owner-occupied share likely high. Area context: Kothrud. Approx. land 268 sq m, built-up 506.1 sq m."
78b98243-6297-4d95-b837-13482f0b7878,BMC-S-400078-000004,Mumbai,MCGM-S,S Ward,Eastern Suburbs,Kanjurmarg,370,228,5350,157,400078,19.161377,72.94112,100,224.2,mixed,77698,16535,active,residential,Rohit Deshmukh,9900000091,low,2026-07-01,"Property verified against ward register; owner-occupied share likely high. Area context: Kanjurmarg. Approx. land 100 sq m, built-up 224.2 sq m."
11a8eb58-d6b0-479c-bb35-48d63c5d34c5,BMC-GS-400013-000003,Mumbai,MCGM-GS,G/S Ward,City,Worli,885,170,7434,196,400013,18.991633,72.835411,519,573.8,rented,346773,70532,active,mixed_use,Omkar Agarwal,9900000092,high,2025-10-30,"Ground-floor commercial activity noted; upper floors residential. Area context: Worli. Approx. land 519 sq m, built-up 573.8 sq m."
0e321e61-d45f-4b75-b286-429e941a54d7,PMC-DS-411009-000004,Pune,PMC-DS,Dhankawadi Sahakarnagar,South,Sahakarnagar,239,18,5961,153,411043,18.458957,73.855549,225,441.8,owner_occupied,56537,11113,active,residential,Meera Gaikwad,9900000093,low,2026-04-10,"Property verified against ward register; owner-occupied share likely high. Area context: Sahakarnagar. Approx. land 225 sq m, built-up 441.8 sq m."
4453b646-3ea2-457b-9d49-b374163158b4,BMC-MW-400071-000003,Mumbai,MCGM-MW,M/W Ward,Eastern Suburbs,Chembur,861,234,9477,29,400071,19.066992,72.91025,204,309.7,mixed,94763,18056,active,residential,Sonali Joshi,9900000094,low,2026-06-11,"Property verified against ward register; owner-occupied share likely high. Area context: Chembur. Approx. land 204 sq m, built-up 309.7 sq m."
89fec517-f7e9-4fde-8b67-561f04943e49,BMC-KW-400058-000004,Mumbai,MCGM-KW,K/W Ward,Western Suburbs,Lokhandwala,814,286,7057,49,400058,19.131176,72.829443,759,3331.2,owner_occupied,2121519,510233,active,commercial,A1 Enterprises,9900000095,low,2026-06-14,"Frontage and signage potential flagged for annual review. Area context: Lokhandwala. Approx. land 759 sq m, built-up 3331.2 sq m."
83140fa1-6479-48f2-a476-11a3694f8bee,PMC-WR-411013-000002,Pune,PMC-WR,Wanowrie Ramtekdi,South-East,Wanowrie,698,200,7487,86,411040,18.491174,73.911045,591,549.3,owner_occupied,97376,22392,active,industrial,Savita Kapoor,9900000096,low,2025-12-15,"Storage/fire referral may be required for certain workflows. Area context: Wanowrie. Approx. land 591 sq m, built-up 549.3 sq m."
14767f5d-83b3-49bd-b4e1-577e0b0fa85b,BMC-D-400007-000001,Mumbai,MCGM-D,D Ward,Island City,Grant Road,861,26,3870,96,400007,18.965488,72.802439,865,2069.5,owner_occupied,1164710,193368,active,mixed_use,Reliable Stationers,9900000097,medium,2026-01-15,"Ground-floor commercial activity noted; upper floors residential. Area context: Grant Road. Approx. land 865 sq m, built-up 2069.5 sq m."
8f3ffd39-fe2e-45e5-af2b-93f0668f67c7,PMC-SR-411041-000008,Pune,PMC-SR,Sinhagad Road,South-West,Sinhagad Road,100,283,5332,217,411051,18.46589,73.825104,503,1931.2,owner_occupied,660817,120728,active,commercial,Omkar Kulkarni,9900000098,high,2026-02-28,"Frontage and signage potential flagged for annual review. Area context: Sinhagad Road. Approx. land 503 sq m, built-up 1931.2 sq m."
16d6f7b6-c1e2-439e-be9f-72c05b141f25,BMC-FN-400019-000001,Mumbai,MCGM-FN,F/N Ward,City,Sion,824,250,2097,38,400019,19.03618,72.845434,357,563.7,owner_occupied,175259,40149,active,residential,Reliable Lounge,9900000099,low,2026-06-26,"Property verified against ward register; owner-occupied share likely high. Area context: Sion. Approx. land 357 sq m, built-up 563.7 sq m."
80a0a2f9-675a-4e76-a88d-48d88e216859,PMC-KVW-411002-000008,Pune,PMC-KVW,Kasba Vishrambagwada,Central,Vishrambag Wada,29,11,5823,25,411002,18.51306,73.859901,488,500.6,owner_occupied,62349,12667,active,residential,Harshal Pawar,9900000100,medium,2026-03-17,"Property verified against ward register; owner-occupied share likely high. Area context: Vishrambag Wada. Approx. land 488 sq m, built-up 500.6 sq m."
a07e73f3-b232-4e10-b69f-44159cb9a3f7,PMC-BP-411011-000003,Pune,PMC-BP,Bhavani Peth,Central,Mahatma Phule Peth,367,190,2570,40,411042,18.500163,73.86361,188,340.2,owner_occupied,44390,8265,active,residential,Kailas Gadgil,9900000101,low,2026-03-26,"Property verified against ward register; owner-occupied share likely high. Area context: Mahatma Phule Peth. Approx. land 188 sq m, built-up 340.2 sq m."
07b8f37c-83f2-450f-ab88-eac87cf7ff25,BMC-KE-400069-000004,Mumbai,MCGM-KE,K/E Ward,Western Suburbs,JB Nagar,275,170,5335,194,400069,19.113094,72.867703,90,320.6,owner_occupied,235438,51334,active,commercial,Om Builders,9900000102,low,2026-03-29,"Frontage and signage potential flagged for annual review. Area context: JB Nagar. Approx. land 90 sq m, built-up 320.6 sq m."
07599efb-5a79-4bcb-9ab8-bb4b4ee296e3,BMC-T-400080-000002,Mumbai,MCGM-T,T Ward,Eastern Suburbs,Nahur East,712,159,9070,80,400080,19.165642,72.95869,681,1051.6,rented,649594,87336,active,mixed_use,Sachin Singh,9900000103,high,2026-01-09,"Ground-floor commercial activity noted; upper floors residential. Area context: Nahur East. Approx. land 681 sq m, built-up 1051.6 sq m."
04a36d5b-28ca-47e7-a583-c1f7df5e72ef,BMC-A-400001-000003,Mumbai,MCGM-A,A Ward,Island City,Fort,523,131,1201,201,400001,18.937485,72.824351,167,306.2,mixed,86047,24800,active,residential,Sunita Agarwal,9900000104,low,2026-03-08,"Property verified against ward register; owner-occupied share likely high. Area context: Fort. Approx. land 167 sq m, built-up 306.2 sq m."
56a10df3-1f14-44ff-bcd1-2953839108b9,PMC-BBW-411043-000002,Pune,PMC-BBW,Bibwewadi,South,Bibwewadi,982,89,1427,2,411037,18.47464,73.873068,343,57.9,mixed,12000,2500,under_verification,vacant_land,Nikhil Chavan,9900000105,low,2025-11-02,"Vacant parcel; development workflow more likely than trade workflow. Area context: Bibwewadi. Approx. land 343 sq m, built-up 57.9 sq m."
1ae65379-a22e-4f0f-9ae0-25cca52c3470,BMC-S-400078-000005,Mumbai,MCGM-S,S Ward,Eastern Suburbs,Kanjurmarg,170,23,2633,46,400078,19.163479,72.936129,253,561.0,owner_occupied,385575,99949,active,commercial,Sandeep Chavan,9900000106,medium,2026-03-30,"Frontage and signage potential flagged for annual review. Area context: Kanjurmarg. Approx. land 253 sq m, built-up 561.0 sq m."
fe1cef48-9202-4c0a-b34e-2868a9e530fe,BMC-T-400080-000003,Mumbai,MCGM-T,T Ward,Eastern Suburbs,Mulund West,10,35,2795,210,400080,19.185845,72.950915,532,1132.2,rented,488337,93427,active,mixed_use,Sunrise Pharmacy,9900000107,low,2026-01-08,"Ground-floor commercial activity noted; upper floors residential. Area context: Mulund West. Approx. land 532 sq m, built-up 1132.2 sq m."
5660cbb6-a227-49f0-b9d5-39ee41155e62,BMC-KW-400058-000005,Mumbai,MCGM-KW,K/W Ward,Western Suburbs,Andheri West,538,24,8281,37,400058,19.123578,72.847732,358,933.1,owner_occupied,261396,60475,active,residential,Kavita Pawar,9900000108,low,2025-12-27,"Property verified against ward register; owner-occupied share likely high. Area context: Andheri West. Approx. land 358 sq m, built-up 933.1 sq m."
a154cf29-bf3c-452d-9560-86586d91f44e,BMC-KE-400069-000005,Mumbai,MCGM-KE,K/E Ward,Western Suburbs,Marol,31,80,7970,201,400069,19.118559,72.846812,432,1391.2,owner_occupied,836132,175511,active,mixed_use,Pratham Associates,9900000109,medium,2026-02-09,"Ground-floor commercial activity noted; upper floors residential. Area context: Marol. Approx. land 432 sq m, built-up 1391.2 sq m."
9d052708-d7d3-4af9-924a-4aefbbfdba6b,PMC-HM-411036-000005,Pune,PMC-HM,Hadapsar Mundhwa,East,Mundhwa,272,260,2780,135,411036,18.49574,73.935392,3447,6079.1,mixed,772278,117499,active,institutional,Asha Khan,9900000110,medium,2026-05-13,"Non-residential public/institutional use; inspections routed via department. Area context: Mundhwa. Approx. land 3447 sq m, built-up 6079.1 sq m."
5cda442b-5210-469e-947d-c35065e51c93,PMC-BP-411011-000004,Pune,PMC-BP,Bhavani Peth,Central,Ganj Peth,130,133,1565,123,411042,18.514351,73.86904,243,688.8,mixed,135995,29960,active,mixed_use,Vikas Thorve,9900000111,medium,2025-10-06,"Ground-floor commercial activity noted; upper floors residential. Area context: Ganj Peth. Approx. land 243 sq m, built-up 688.8 sq m."
7753e6d0-b479-4b43-9dc0-c5caa0e1d998,BMC-D-400007-000002,Mumbai,MCGM-D,D Ward,Island City,Grant Road,499,203,910,14,400007,18.961338,72.795344,3316,6905.1,owner_occupied,2908369,623008,active,industrial,Silver Mart,9900000112,low,2025-11-26,"Storage/fire referral may be required for certain workflows. Area context: Grant Road. Approx. land 3316 sq m, built-up 6905.1 sq m."
6327d4f4-428c-4aad-a483-2ac389d2d59a,BMC-KE-400069-000006,Mumbai,MCGM-KE,K/E Ward,Western Suburbs,JB Nagar,510,237,864,129,400069,19.11309,72.84474,3267,5171.1,owner_occupied,1121334,215158,active,institutional,Ashish Mahajan,9900000113,high,2026-01-15,"Non-residential public/institutional use; inspections routed via department. Area context: JB Nagar. Approx. land 3267 sq m, built-up 5171.1 sq m."
a0510d1d-a16c-44d6-b5dd-2e0c7d108ee3,BMC-GS-400013-000004,Mumbai,MCGM-GS,G/S Ward,City,Worli,92,224,5330,183,400013,19.001405,72.828952,1104,3862.0,rented,2784846,713471,under_verification,commercial,Reliable Enterprises,9900000114,low,2026-01-25,"Frontage and signage potential flagged for annual review. Area context: Worli. Approx. land 1104 sq m, built-up 3862.0 sq m."
2c5558fa-84f4-4cc8-a43b-fa2165b398f5,BMC-S-400078-000006,Mumbai,MCGM-S,S Ward,Eastern Suburbs,Kanjurmarg,62,41,9595,111,400078,19.141029,72.924859,287,332.2,owner_occupied,111587,22656,active,residential,Shraddha Kadam,9900000115,low,2026-04-15,"Property verified against ward register; owner-occupied share likely high. Area context: Kanjurmarg. Approx. land 287 sq m, built-up 332.2 sq m."
8fe4a6e5-c058-46e4-8cd9-5aeb90a3144c,PMC-DS-411046-000005,Pune,PMC-DS,Dhankawadi Sahakarnagar,South,Sahakarnagar,906,195,6300,225,411043,18.460042,73.858564,3753,3188.9,mixed,273102,69748,active,institutional,Umesh Agarwal,9900000116,low,2026-06-16,"Non-residential public/institutional use; inspections routed via department. Area context: Sahakarnagar. Approx. land 3753 sq m, built-up 3188.9 sq m."
67a1cff1-c657-48c5-b280-a5694b0611bc,BMC-B-400009-000002,Mumbai,MCGM-B,B Ward,Island City,Bhuleshwar,94,284,8680,157,400009,18.969394,72.831168,683,1182.2,rented,476492,124182,under_verification,industrial,Sheetal Khan,9900000117,high,2025-10-21,"Storage/fire referral may be required for certain workflows. Area context: Bhuleshwar. Approx. land 683 sq m, built-up 1182.2 sq m."
e18f0934-fa0b-4393-b94e-12963c820b48,PMC-KB-411038-000005,Pune,PMC-KB,Kothrud Bavdhan,West,Mahatma Society,897,109,1607,247,411021,18.500009,73.798968,213,221.0,owner_occupied,22372,5165,active,residential,Supreme Enterprises,9900000118,medium,2025-11-09,"Property verified against ward register; owner-occupied share likely high. Area context: Mahatma Society. Approx. land 213 sq m, built-up 221.0 sq m."
f33444e2-fbfa-419d-b327-a56f96fc4b58,PMC-YKD-411006-000003,Pune,PMC-YKD,Yerwada Kalas Dhanori,North-East,Phulenagar,761,4,7573,95,411006,18.558933,73.904806,769,3326.6,owner_occupied,880471,161654,active,commercial,Omkar Bansode,9900000119,low,2025-12-19,"Frontage and signage potential flagged for annual review. Area context: Phulenagar. Approx. land 769 sq m, built-up 3326.6 sq m."
0788774c-e82b-4a2e-b52c-12f9f33ec721,BMC-S-400078-000007,Mumbai,MCGM-S,S Ward,Eastern Suburbs,Bhandup West,732,201,2224,211,400078,19.163938,72.941506,556,2010.2,owner_occupied,1615787,312855,under_verification,commercial,Nikhil Gaikwad,9900000120,low,2026-01-16,"Frontage and signage potential flagged for annual review. Area context: Bhandup West. Approx. land 556 sq m, built-up 2010.2 sq m."
3e151e46-5ad9-455f-81b4-a74181ed5407,PMC-SG-411005-000003,Pune,PMC-SG,Shivajinagar Ghole Road,Central-West,Shivajinagar,80,64,2039,172,411005,18.540139,73.84863,1724,2411.2,rented,244341,47066,active,institutional,Vardhaman Logistics,9900000121,medium,2026-03-14,"Non-residential public/institutional use; inspections routed via department. Area context: Shivajinagar. Approx. land 1724 sq m, built-up 2411.2 sq m."
4f059c58-42ec-48b8-bdb4-3f822d1ba1e4,PMC-BBW-411037-000003,Pune,PMC-BBW,Bibwewadi,South,Upper Indira Nagar,599,83,9348,55,411037,18.478622,73.871561,333,683.8,mixed,95543,16896,active,residential,Deepak Patil,9900000122,low,2026-05-13,"Property verified against ward register; owner-occupied share likely high. Area context: Upper Indira Nagar. Approx. land 333 sq m, built-up 683.8 sq m."
81bee747-3fec-4b00-ab34-0a5a1f9b2ef8,BMC-RC-400092-000003,Mumbai,MCGM-RC,R/C Ward,Western Suburbs,Chandavarkar Road,945,257,8518,108,400092,19.244227,72.843539,279,579.7,owner_occupied,413475,91823,active,commercial,Aditya Karnik,9900000123,low,2026-03-11,"Frontage and signage potential flagged for annual review. Area context: Chandavarkar Road. Approx. land 279 sq m, built-up 579.7 sq m."
688078ea-99ea-4fa6-8da0-60b5a618d8c5,PMC-DS-411046-000006,Pune,PMC-DS,Dhankawadi Sahakarnagar,South,Katraj,279,135,8435,70,411046,18.462428,73.854636,2654,4091.1,rented,356255,68892,active,institutional,Reliable Foods,9900000124,low,2025-11-10,"Non-residential public/institutional use; inspections routed via department. Area context: Katraj. Approx. land 2654 sq m, built-up 4091.1 sq m."
e8c4730c-bbba-4482-9177-19a8bcdaa066,BMC-MW-400071-000004,Mumbai,MCGM-MW,M/W Ward,Eastern Suburbs,Tilak Nagar,918,142,6426,92,400071,19.06756,72.905772,371,858.3,owner_occupied,265462,65139,active,residential,Arjun Shinde,9900000125,medium,2026-01-04,"Property verified against ward register; owner-occupied share likely high. Area context: Tilak Nagar. Approx. land 371 sq m, built-up 858.3 sq m."
d006fef2-31f8-4b4e-b4a6-d5c47a0e742c,BMC-N-400077-000005,Mumbai,MCGM-N,N Ward,Eastern Suburbs,Ghatkopar East,944,269,7775,92,400077,19.094365,72.904259,389,713.6,owner_occupied,184245,38010,active,residential,Priya Karnik,9900000126,low,2026-06-16,"Property verified against ward register; owner-occupied share likely high. Area context: Ghatkopar East. Approx. land 389 sq m, built-up 713.6 sq m."
ece28690-ab85-4530-9bce-4ba45d6f827a,BMC-S-400078-000008,Mumbai,MCGM-S,S Ward,Eastern Suburbs,Bhandup West,387,10,5756,134,400078,19.142077,72.945393,367,591.9,rented,209700,35760,active,residential,Global Traders,9900000127,low,2026-01-30,"Property verified against ward register; owner-occupied share likely high. Area context: Bhandup West. Approx. land 367 sq m, built-up 591.9 sq m."
b3373010-cf0d-48c8-8e61-f1551937b1c3,PMC-SG-411004-000004,Pune,PMC-SG,Shivajinagar Ghole Road,Central-West,Deccan Gymkhana,413,114,8583,244,411004,18.537218,73.846668,696,1844.9,owner_occupied,564633,113897,active,commercial,Aniket Yadav,9900000128,low,2026-02-28,"Frontage and signage potential flagged for annual review. Area context: Deccan Gymkhana. Approx. land 696 sq m, built-up 1844.9 sq m."
4d82e69a-5fa3-4416-b832-589b81849ad8,PMC-WR-411013-000003,Pune,PMC-WR,Wanowrie Ramtekdi,South-East,Wanowrie,329,148,5547,87,411013,18.488632,73.908009,2586,6153.5,rented,928902,259592,active,industrial,Galaxy Bakery,9900000129,low,2025-12-22,"Storage/fire referral may be required for certain workflows. Area context: Wanowrie. Approx. land 2586 sq m, built-up 6153.5 sq m."
ccdd8575-ce94-4a45-9d88-cf90742d3282,PMC-BBW-411043-000004,Pune,PMC-BBW,Bibwewadi,South,Market Yard,391,73,3410,232,411037,18.46752,73.869154,499,484.7,owner_occupied,47458,7052,active,institutional,Siddhi Logistics,9900000130,low,2026-04-10,"Non-residential public/institutional use; inspections routed via department. Area context: Market Yard. Approx. land 499 sq m, built-up 484.7 sq m."
3befc2c7-6b4b-4231-a85f-9b3c3963d57b,BMC-KE-400069-000007,Mumbai,MCGM-KE,K/E Ward,Western Suburbs,Andheri East,82,41,8354,140,400069,19.113075,72.860867,852,1660.2,mixed,1292925,298357,active,commercial,Mahalaxmi Industries,9900000131,medium,2026-05-14,"Frontage and signage potential flagged for annual review. Area context: Andheri East. Approx. land 852 sq m, built-up 1660.2 sq m."
048cd2a9-3d68-4849-9008-34713a50f8a9,BMC-PS-400104-000002,Mumbai,MCGM-PS,P/S Ward,Western Suburbs,Motilal Nagar,215,119,9777,68,400104,19.162707,72.831624,193,418.3,owner_occupied,217712,40108,active,mixed_use,Nirman Hospitality,9900000132,low,2026-01-29,"Ground-floor commercial activity noted; upper floors residential. Area context: Motilal Nagar. Approx. land 193 sq m, built-up 418.3 sq m."
ce47c246-7ef7-4d71-b3d0-13eb40cc02f1,PMC-DS-411046-000007,Pune,PMC-DS,Dhankawadi Sahakarnagar,South,Dhankawadi,453,126,1224,33,411046,18.457564,73.847263,448,720.8,rented,206767,41182,active,commercial,Kailas Kapoor,9900000133,medium,2026-02-19,"Frontage and signage potential flagged for annual review. Area context: Dhankawadi. Approx. land 448 sq m, built-up 720.8 sq m."
5756e6a0-7a37-4390-a589-52e120aebead,BMC-GN-400028-000005,Mumbai,MCGM-GN,G/N Ward,City,Dadar West,222,174,6478,70,400028,19.016601,72.846057,603,1407.0,rented,744248,117231,under_verification,mixed_use,Shree Hospitality,9900000134,low,2025-12-12,"Ground-floor commercial activity noted; upper floors residential. Area context: Dadar West. Approx. land 603 sq m, built-up 1407.0 sq m."
ac3eb28a-083b-4ab9-8c48-88ef76efeaa6,PMC-KVW-411030-000009,Pune,PMC-KVW,Kasba Vishrambagwada,Central,Shaniwar Peth,531,96,5478,118,411002,18.523078,73.85342,4875,7679.7,mixed,1478092,231763,active,industrial,Priya Pawar,9900000135,low,2026-06-06,"Storage/fire referral may be required for certain workflows. Area context: Shaniwar Peth. Approx. land 4875 sq m, built-up 7679.7 sq m."
da9f5bea-5231-49d2-82cb-ed404c6f6bb9,BMC-RN-400068-000005,Mumbai,MCGM-RN,R/N Ward,Western Suburbs,Anand Nagar,697,97,8751,243,400068,19.256849,72.86531,2746,2356.5,mixed,411106,101763,active,institutional,Umesh Raut,9900000136,low,2026-03-17,"Non-residential public/institutional use; inspections routed via department. Area context: Anand Nagar. Approx. land 2746 sq m, built-up 2356.5 sq m."
b06af97d-a8a3-451c-8566-7cf9ebafacd2,PMC-KB-411021-000006,Pune,PMC-KB,Kothrud Bavdhan,West,Paud Road,896,257,4142,238,411038,18.511947,73.814493,317,931.5,rented,230532,37526,active,mixed_use,Komal Agarwal,9900000137,low,2025-12-31,"Ground-floor commercial activity noted; upper floors residential. Area context: Paud Road. Approx. land 317 sq m, built-up 931.5 sq m."
8212391a-9862-4eda-b291-418608f67559,PMC-KVW-411011-000010,Pune,PMC-KVW,Kasba Vishrambagwada,Central,Narayan Peth,887,81,1551,248,411030,18.51335,73.855366,340,659.8,rented,177263,27939,active,commercial,Milind Joshi,9900000138,medium,2026-02-07,"Frontage and signage potential flagged for annual review. Area context: Narayan Peth. Approx. land 340 sq m, built-up 659.8 sq m."
aa988b32-7e07-46bf-899e-9a432ba97f73,PMC-DP-411001-000001,Pune,PMC-DP,Dhole Patil,East-Central,Bund Garden,323,138,1797,46,411014,18.526243,73.886088,391,1082.3,rented,119518,28271,active,residential,Arjun Kapoor,9900000139,high,2026-01-17,"Property verified against ward register; owner-occupied share likely high. Area context: Bund Garden. Approx. land 391 sq m, built-up 1082.3 sq m."
29b1f10d-3c5e-4f07-843d-d02ba7f12933,PMC-NR-411006-000004,Pune,PMC-NR,Nagar Road Vadgaon Sheri,East,Vadgaon Sheri,631,272,6710,72,411014,18.556207,73.93232,67,77.0,rented,18442,2735,active,mixed_use,Anil Kulkarni,9900000140,low,2026-01-06,"Ground-floor commercial activity noted; upper floors residential. Area context: Vadgaon Sheri. Approx. land 67 sq m, built-up 77.0 sq m."
74d82fec-90f6-40d7-88b0-3107dc72c03b,PMC-KVW-411030-000011,Pune,PMC-KVW,Kasba Vishrambagwada,Central,Narayan Peth,57,148,4587,32,411011,18.509536,73.860364,302,507.1,owner_occupied,68077,10640,active,residential,Harshal Karnik,9900000141,medium,2025-10-02,"Property verified against ward register; owner-occupied share likely high. Area context: Narayan Peth. Approx. land 302 sq m, built-up 507.1 sq m."
829a4994-dfc7-4b87-852d-c955621750b3,PMC-KVW-411011-000012,Pune,PMC-KVW,Kasba Vishrambagwada,Central,Budhwar Peth,583,52,9474,164,411030,18.528029,73.862047,418,515.0,owner_occupied,74859,13323,active,residential,Galaxy Stores,9900000142,low,2025-11-22,"Property verified against ward register; owner-occupied share likely high. Area context: Budhwar Peth. Approx. land 418 sq m, built-up 515.0 sq m."
da4493fb-176d-4351-8591-06ab1528f557,PMC-SG-411005-000005,Pune,PMC-SG,Shivajinagar Ghole Road,Central-West,Shivajinagar,1,156,5394,157,411005,18.5413,73.850509,730,1414.8,rented,425584,90104,active,commercial,Urban Enterprises,9900000143,medium,2026-05-26,"Frontage and signage potential flagged for annual review. Area context: Shivajinagar. Approx. land 730 sq m, built-up 1414.8 sq m."
1f47c80e-1451-453c-b6f2-cd0d2bc4f28b,PMC-DS-411009-000008,Pune,PMC-DS,Dhankawadi Sahakarnagar,South,Sahakarnagar,750,135,1877,209,411046,18.450267,73.851048,245,381.3,owner_occupied,131708,21640,active,commercial,Sai Solutions,9900000144,low,2026-03-07,"Frontage and signage potential flagged for annual review. Area context: Sahakarnagar. Approx. land 245 sq m, built-up 381.3 sq m."
bdc51769-82d0-4971-9e3c-4a218b2068a6,BMC-FN-400019-000002,Mumbai,MCGM-FN,F/N Ward,City,Wadala East,707,238,9236,250,400019,19.017663,72.871513,261,655.1,mixed,200218,52194,active,residential,A1 Foods,9900000145,low,2026-04-12,"Property verified against ward register; owner-occupied share likely high. Area context: Wadala East. Approx. land 261 sq m, built-up 655.1 sq m."
a6a3f11e-0c08-40f2-8556-64eb79a78e55,PMC-DP-411001-000002,Pune,PMC-DP,Dhole Patil,East-Central,Koregaon Park,23,203,5714,148,411014,18.539457,73.874561,1410,2519.9,mixed,270345,55965,active,institutional,Galaxy Agency,9900000146,medium,2025-12-22,"Non-residential public/institutional use; inspections routed via department. Area context: Koregaon Park. Approx. land 1410 sq m, built-up 2519.9 sq m."
fd140bfc-e25f-4aaa-8ba8-0ccac320081f,BMC-S-400078-000009,Mumbai,MCGM-S,S Ward,Eastern Suburbs,Nahur,719,52,5656,74,400078,19.141063,72.945108,189,576.1,rented,334887,50447,active,mixed_use,Priya Singh,9900000147,low,2026-02-18,"Ground-floor commercial activity noted; upper floors residential. Area context: Nahur. Approx. land 189 sq m, built-up 576.1 sq m."
787612cf-5f70-4729-8373-7883a82f3728,PMC-BP-411042-000005,Pune,PMC-BP,Bhavani Peth,Central,Mahatma Phule Peth,450,205,9009,17,411042,18.50203,73.873247,347,635.3,owner_occupied,121880,22253,active,mixed_use,Supriya Pawar,9900000148,high,2026-03-19,"Ground-floor commercial activity noted; upper floors residential. Area context: Mahatma Phule Peth. Approx. land 347 sq m, built-up 635.3 sq m."
a713a23a-d764-4a84-af5e-f314fe202f4d,PMC-HM-411036-000006,Pune,PMC-HM,Hadapsar Mundhwa,East,Mundhwa,215,131,1941,13,411028,18.494617,73.931955,110,195.4,owner_occupied,27156,4674,active,residential,Rutuja Kadam,9900000149,medium,2026-01-22,"Property verified against ward register; owner-occupied share likely high. Area context: Mundhwa. Approx. land 110 sq m, built-up 195.4 sq m."
8b3d05c8-edd6-44d8-814f-22646650d4f4,PMC-NR-411006-000005,Pune,PMC-NR,Nagar Road Vadgaon Sheri,East,Vadgaon Sheri,258,38,4870,193,411014,18.560099,73.91565,844,2122.0,rented,524114,85203,active,mixed_use,Gayatri Karnik,9900000150,low,2026-01-12,"Ground-floor commercial activity noted; upper floors residential. Area context: Vadgaon Sheri. Approx. land 844 sq m, built-up 2122.0 sq m."
c5011d4b-6fa8-416b-bf14-9e5b2b647c5a,PMC-DS-411046-000009,Pune,PMC-DS,Dhankawadi Sahakarnagar,South,Balajinagar,684,165,8217,228,411046,18.457466,73.864435,161,192.5,owner_occupied,24465,5340,active,residential,Fortune Lounge,9900000151,low,2026-01-18,"Property verified against ward register; owner-occupied share likely high. Area context: Balajinagar. Approx. land 161 sq m, built-up 192.5 sq m."
23aed909-ea03-47ba-ba1d-05d2aa344540,BMC-RC-400092-000004,Mumbai,MCGM-RC,R/C Ward,Western Suburbs,Eksar,687,190,1050,4,400092,19.229237,72.837796,494,737.6,owner_occupied,450997,74610,active,mixed_use,Anita Khan,9900000152,low,2025-12-06,"Ground-floor commercial activity noted; upper floors residential. Area context: Eksar. Approx. land 494 sq m, built-up 737.6 sq m."
4f33509f-d97f-4abe-a972-1b5ef1dfa3cc,BMC-HE-400055-000002,Mumbai,MCGM-HE,H/E Ward,Western Suburbs,Santacruz East,357,108,6505,211,400055,19.085857,72.845628,689,2147.7,rented,1785164,357773,active,commercial,Siddhi Hospitality,9900000153,low,2025-10-21,"Frontage and signage potential flagged for annual review. Area context: Santacruz East. Approx. land 689 sq m, built-up 2147.7 sq m."
f910553e-1d87-4ee7-a674-2c7fd677f2f8,BMC-KE-400069-000008,Mumbai,MCGM-KE,K/E Ward,Western Suburbs,JB Nagar,403,175,2017,207,400069,19.120049,72.861835,485,902.2,owner_occupied,240518,48383,active,residential,Metro Solutions,9900000154,low,2025-12-20,"Property verified against ward register; owner-occupied share likely high. Area context: JB Nagar. Approx. land 485 sq m, built-up 902.2 sq m."
c12a2d3f-d898-46c9-9b76-005a6c54c4f4,PMC-HM-411036-000007,Pune,PMC-HM,Hadapsar Mundhwa,East,Mundhwa,233,228,5108,73,411036,18.506149,73.938965,134,199.6,rented,20444,5420,under_verification,residential,Manisha Khot,9900000155,low,2026-03-28,"Property verified against ward register; owner-occupied share likely high. Area context: Mundhwa. Approx. land 134 sq m, built-up 199.6 sq m."
27b137f2-6149-483d-a148-f2b49cd230f4,PMC-SR-411041-000009,Pune,PMC-SR,Sinhagad Road,South-West,Anand Nagar,792,277,749,95,411051,18.449931,73.826465,315,907.4,rented,107474,22432,disputed,residential,Harshal Khot,9900000156,low,2026-05-25,"Property verified against ward register; owner-occupied share likely high. Area context: Anand Nagar. Approx. land 315 sq m, built-up 907.4 sq m."
edc4f627-fc71-4e55-9276-234085665e60,BMC-MW-400071-000005,Mumbai,MCGM-MW,M/W Ward,Eastern Suburbs,Tilak Nagar,314,51,7040,205,400071,19.073141,72.891276,382,1111.5,owner_occupied,311428,70389,sealed,residential,Anita Gadgil,9900000157,medium,2025-12-17,"Property verified against ward register; owner-occupied share likely high. Area context: Tilak Nagar. Approx. land 382 sq m, built-up 1111.5 sq m."
c3851fc9-38dc-4977-a13b-e42e6e8ed9d7,PMC-TR-411030-000002,Pune,PMC-TR,Tilak Road,Central,Navi Peth,697,61,8117,194,411009,18.505669,73.850726,125,534.2,owner_occupied,181123,24195,active,commercial,Yogesh Kulkarni,9900000158,low,2025-12-12,"Frontage and signage potential flagged for annual review. Area context: Navi Peth. Approx. land 125 sq m, built-up 534.2 sq m."
221a9033-5e70-477f-9938-8518a1b839d2,BMC-E-400008-000002,Mumbai,MCGM-E,E Ward,Island City,Reay Road,460,297,2865,69,400008,18.975951,72.826885,338,805.0,mixed,251376,60854,active,residential,Sameer Khot,9900000159,high,2026-02-05,"Property verified against ward register; owner-occupied share likely high. Area context: Reay Road. Approx. land 338 sq m, built-up 805.0 sq m."
d2daccbb-d353-4de8-940d-a906048bc700,PMC-WK-411052-000003,Pune,PMC-WK,Warje Karvenagar,West,Karvenagar,404,30,6854,249,411058,18.483565,73.801869,153,340.8,rented,45374,7675,inactive,residential,Shree Industries,9900000160,low,2025-10-15,"Property verified against ward register; owner-occupied share likely high. Area context: Karvenagar. Approx. land 153 sq m, built-up 340.8 sq m."
e86fb747-0c20-48c1-99d5-a96a8d2e0667,PMC-SG-411004-000006,Pune,PMC-SG,Shivajinagar Ghole Road,Central-West,JM Road,541,104,6316,55,411005,18.537438,73.850096,139,129.0,owner_occupied,14864,3209,active,residential,Priya Chavan,9900000161,low,2026-02-11,"Property verified against ward register; owner-occupied share likely high. Area context: JM Road. Approx. land 139 sq m, built-up 129.0 sq m."
10a2c7ad-75fd-493e-9e27-0e95b87a6fdd,PMC-NR-411014-000006,Pune,PMC-NR,Nagar Road Vadgaon Sheri,East,Vadgaon Sheri,323,257,7849,230,411006,18.559182,73.924996,347,1028.1,owner_occupied,194748,41801,disputed,mixed_use,Vikas Singh,9900000162,medium,2025-09-25,"Ground-floor commercial activity noted; upper floors residential. Area context: Vadgaon Sheri. Approx. land 347 sq m, built-up 1028.1 sq m."
84cb4806-a5f5-43ce-bd48-0581bcaa491a,BMC-GS-400013-000005,Mumbai,MCGM-GS,G/S Ward,City,Lower Parel,928,266,391,88,400013,19.017923,72.829961,573,1985.3,rented,1311501,324016,active,commercial,Nikhil Khan,9900000163,low,2025-12-01,"Frontage and signage potential flagged for annual review. Area context: Lower Parel. Approx. land 573 sq m, built-up 1985.3 sq m."
e8d77d69-3e63-4c77-ae5a-f53c3622249c,PMC-HM-411036-000008,Pune,PMC-HM,Hadapsar Mundhwa,East,Kharadi Annexe,235,230,1472,250,411028,18.502884,73.932873,250,327.6,rented,42692,6502,under_verification,residential,Global Hospitality,9900000164,low,2026-02-04,"Property verified against ward register; owner-occupied share likely high. Area context: Kharadi Annexe. Approx. land 250 sq m, built-up 327.6 sq m."
7be06251-3373-4bb2-8c63-d46e307735ff,PMC-KB-411038-000007,Pune,PMC-KB,Kothrud Bavdhan,West,Bavdhan,745,36,5281,104,411038,18.502638,73.801587,474,853.0,rented,102384,19877,active,residential,Sonali Chavan,9900000165,low,2025-09-19,"Property verified against ward register; owner-occupied share likely high. Area context: Bavdhan. Approx. land 474 sq m, built-up 853.0 sq m."
4808f8a3-4025-4c15-97bc-73ac81fc3698,PMC-BBW-411043-000005,Pune,PMC-BBW,Bibwewadi,South,Padmavati,412,282,5083,205,411043,18.480113,73.856102,103,171.9,owner_occupied,45531,9742,active,commercial,Ashish Mahajan,9900000166,low,2025-10-03,"Frontage and signage potential flagged for annual review. Area context: Padmavati. Approx. land 103 sq m, built-up 171.9 sq m."
d598b143-154c-42cd-9b68-5e7b2efd92e9,BMC-HE-400055-000003,Mumbai,MCGM-HE,H/E Ward,Western Suburbs,Vakola,900,98,6984,53,400055,19.078618,72.85482,731,1046.6,owner_occupied,395462,80292,disputed,industrial,Deepak Thorve,9900000167,low,2026-02-24,"Storage/fire referral may be required for certain workflows. Area context: Vakola. Approx. land 731 sq m, built-up 1046.6 sq m."
07b6e306-2974-4e3b-89d4-a66c9b7160b2,PMC-SR-411051-000010,Pune,PMC-SR,Sinhagad Road,South-West,Narhe,742,221,4463,249,411051,18.452116,73.834282,121,224.2,rented,54376,9668,active,commercial,Aditya Kadam,9900000168,low,2025-12-25,"Frontage and signage potential flagged for annual review. Area context: Narhe. Approx. land 121 sq m, built-up 224.2 sq m."
858dbd3e-c58c-4606-a6af-33fc0ee6f150,BMC-PS-400104-000003,Mumbai,MCGM-PS,P/S Ward,Western Suburbs,Motilal Nagar,388,253,7914,110,400104,19.167441,72.830225,139,409.1,mixed,146856,24489,active,residential,Varsha Jadhav,9900000169,low,2025-12-16,"Property verified against ward register; owner-occupied share likely high. Area context: Motilal Nagar. Approx. land 139 sq m, built-up 409.1 sq m."
2292aa51-96a2-4e9f-9c92-ee947cdc0970,PMC-AB-411021-000006,Pune,PMC-AB,Aundh Baner,West,Balewadi,800,23,5717,65,411007,18.556544,73.807237,55,82.1,rented,12000,2500,active,residential,Greenfield Stores,9900000170,medium,2025-08-26,"Property verified against ward register; owner-occupied share likely high. Area context: Balewadi. Approx. land 55 sq m, built-up 82.1 sq m."
28fd8ab9-f655-49ef-99e6-2773be81b818,BMC-L-400070-000002,Mumbai,MCGM-L,L Ward,Eastern Suburbs,Kurla West,933,130,8786,8,400070,19.089993,72.871121,280,817.4,owner_occupied,590657,111311,active,commercial,Neha Shinde,9900000171,high,2026-03-23,"Frontage and signage potential flagged for annual review. Area context: Kurla West. Approx. land 280 sq m, built-up 817.4 sq m."
61226e7c-a213-4f6d-bf17-f0a8e9e6678a,PMC-NR-411014-000007,Pune,PMC-NR,Nagar Road Vadgaon Sheri,East,Vadgaon Sheri,937,177,6025,56,411006,18.553874,73.933602,649,2132.2,owner_occupied,695314,117924,active,commercial,Priya Mahajan,9900000172,low,2025-12-26,"Frontage and signage potential flagged for annual review. Area context: Vadgaon Sheri. Approx. land 649 sq m, built-up 2132.2 sq m."
9bdafc71-ca75-4b22-a2b5-958ad1bf5e1a,BMC-PN-400064-000002,Mumbai,MCGM-PN,P/N Ward,Western Suburbs,Malad West,667,282,8311,147,400064,19.181704,72.851887,269,388.4,mixed,116677,28526,active,residential,Rutuja Singh,9900000173,low,2026-07-03,"Property verified against ward register; owner-occupied share likely high. Area context: Malad West. Approx. land 269 sq m, built-up 388.4 sq m."
987d1db8-557d-4ed0-a573-998599aba94a,BMC-N-400077-000006,Mumbai,MCGM-N,N Ward,Eastern Suburbs,Pant Nagar,199,173,2135,106,400077,19.073807,72.921969,277,359.7,owner_occupied,256073,53339,active,commercial,Madhuri Yadav,9900000174,low,2026-06-26,"Frontage and signage potential flagged for annual review. Area context: Pant Nagar. Approx. land 277 sq m, built-up 359.7 sq m."
8f9242e0-92ca-41d9-8e1b-f578b47a7f65,PMC-DP-411001-000003,Pune,PMC-DP,Dhole Patil,East-Central,Boat Club Road,330,34,9213,110,411014,18.53315,73.881159,89,100.9,owner_occupied,13437,2500,active,residential,Deepa Wagh,9900000175,low,2026-05-17,"Property verified against ward register; owner-occupied share likely high. Area context: Boat Club Road. Approx. land 89 sq m, built-up 100.9 sq m."
6e10b692-bd4a-4ce6-8588-c67ab86c78fc,BMC-S-400078-000010,Mumbai,MCGM-S,S Ward,Eastern Suburbs,Kanjurmarg,113,66,462,96,400078,19.142625,72.943426,109,248.3,owner_occupied,152809,25839,active,mixed_use,Anagha Kulkarni,9900000176,low,2026-01-20,"Ground-floor commercial activity noted; upper floors residential. Area context: Kanjurmarg. Approx. land 109 sq m, built-up 248.3 sq m."
712cad6f-91b2-46bd-9dbe-108d558d49d4,BMC-RN-400068-000006,Mumbai,MCGM-RN,R/N Ward,Western Suburbs,Dahisar West,516,73,6044,19,400068,19.250764,72.868263,333,572.8,owner_occupied,172812,42868,active,residential,Mahesh Raut,9900000177,low,2026-03-01,"Property verified against ward register; owner-occupied share likely high. Area context: Dahisar West. Approx. land 333 sq m, built-up 572.8 sq m."
875f666d-e23b-494b-a72f-8bb5fa0e039e,PMC-BBW-411043-000006,Pune,PMC-BBW,Bibwewadi,South,Bibwewadi,858,32,2149,112,411043,18.473258,73.866205,435,1095.0,rented,138140,22906,active,residential,Reliable Stationers,9900000178,low,2026-01-21,"Property verified against ward register; owner-occupied share likely high. Area context: Bibwewadi. Approx. land 435 sq m, built-up 1095.0 sq m."
0c3b20c6-6753-481a-bfec-095626e8cce8,BMC-RS-400067-000004,Mumbai,MCGM-RS,R/S Ward,Western Suburbs,Charkop,348,103,7112,116,400067,19.203261,72.843095,2329,3130.4,owner_occupied,523996,115428,active,institutional,Madhuri Patil,9900000179,low,2026-04-18,"Non-residential public/institutional use; inspections routed via department. Area context: Charkop. Approx. land 2329 sq m, built-up 3130.4 sq m."
5dd6a4d1-9b6f-4ae6-bf28-07ae9a90b7c8,BMC-PS-400104-000004,Mumbai,MCGM-PS,P/S Ward,Western Suburbs,Goregaon West,25,142,8544,76,400104,19.160183,72.844984,621,1897.0,rented,1287811,330803,active,commercial,Nikhil Chavan,9900000180,low,2026-02-24,"Frontage and signage potential flagged for annual review. Area context: Goregaon West. Approx. land 621 sq m, built-up 1897.0 sq m."
4cb6b987-97f6-4505-9536-c8a98a8adf75,PMC-YKD-411006-000004,Pune,PMC-YKD,Yerwada Kalas Dhanori,North-East,Dhanori,437,215,6114,39,411015,18.565555,73.896072,334,334.0,owner_occupied,48231,9592,active,residential,Supriya Khot,9900000181,medium,2026-04-14,"Property verified against ward register; owner-occupied share likely high. Area context: Dhanori. Approx. land 334 sq m, built-up 334.0 sq m."
798b91bd-0053-4484-95d0-ad1549f5fb26,BMC-B-400009-000003,Mumbai,MCGM-B,B Ward,Island City,J J Precinct,928,235,6149,249,400009,18.956442,72.833314,265,264.7,mixed,82565,19729,sealed,residential,Nikhil Kapoor,9900000182,medium,2025-11-30,"Property verified against ward register; owner-occupied share likely high. Area context: J J Precinct. Approx. land 265 sq m, built-up 264.7 sq m."
79702331-ad74-4ae9-8c7d-4730b32ece48,BMC-PN-400064-000003,Mumbai,MCGM-PN,P/N Ward,Western Suburbs,Evershine Nagar,737,72,7750,216,400064,19.185656,72.836213,463,1178.1,rented,614572,110588,active,mixed_use,Om Warehousing,9900000183,low,2026-03-09,"Ground-floor commercial activity noted; upper floors residential. Area context: Evershine Nagar. Approx. land 463 sq m, built-up 1178.1 sq m."
476913bc-6b74-4c91-8d72-3bcfe0501981,PMC-HM-411028-000009,Pune,PMC-HM,Hadapsar Mundhwa,East,Hadapsar,976,20,810,213,411028,18.501938,73.930299,464,1272.9,owner_occupied,154005,24496,active,residential,Asha Bansode,9900000184,low,2026-05-18,"Property verified against ward register; owner-occupied share likely high. Area context: Hadapsar. Approx. land 464 sq m, built-up 1272.9 sq m."
05b2050c-1514-435d-babf-a2ed0066fc33,BMC-N-400077-000007,Mumbai,MCGM-N,N Ward,Eastern Suburbs,Ghatkopar East,146,75,7544,163,400077,19.080884,72.923115,3768,4097.2,rented,861191,206057,active,institutional,Sheetal Gadgil,9900000185,medium,2025-09-30,"Non-residential public/institutional use; inspections routed via department. Area context: Ghatkopar East. Approx. land 3768 sq m, built-up 4097.2 sq m."
09a3dd3e-3dd4-4acc-9975-5c7a0df0aedb,BMC-FS-400012-000002,Mumbai,MCGM-FS,F/S Ward,City,Parel,54,258,1548,60,400012,18.996841,72.841764,367,1524.0,owner_occupied,857975,195191,active,commercial,Swapnil Agarwal,9900000186,low,2026-03-29,"Frontage and signage potential flagged for annual review. Area context: Parel. Approx. land 367 sq m, built-up 1524.0 sq m."
69e450fc-306f-44da-99fc-afa4adc15d80,BMC-FN-400019-000003,Mumbai,MCGM-FN,F/N Ward,City,Wadala East,439,274,4099,128,400019,19.039718,72.868026,750,3192.3,rented,1971326,409029,active,commercial,Prakash Kale,9900000187,low,2026-06-23,"Frontage and signage potential flagged for annual review. Area context: Wadala East. Approx. land 750 sq m, built-up 3192.3 sq m."
00b62a0e-650a-42ed-b100-89b8da399735,BMC-PN-400064-000004,Mumbai,MCGM-PN,P/N Ward,Western Suburbs,Liberty Garden,314,99,1528,199,400064,19.173387,72.852837,356,457.3,owner_occupied,121738,26474,active,residential,Anita Agarwal,9900000188,high,2026-03-09,"Property verified against ward register; owner-occupied share likely high. Area context: Liberty Garden. Approx. land 356 sq m, built-up 457.3 sq m."
3e608d99-5a70-45c3-87e7-8060afaaeffe,PMC-KY-411048-000002,Pune,PMC-KY,Kondhwa Yewalewadi,South,Yewalewadi,691,1,1732,4,411060,18.457167,73.893682,706,1234.4,mixed,311539,53375,active,mixed_use,Vidya Shinde,9900000189,low,2026-05-03,"Ground-floor commercial activity noted; upper floors residential. Area context: Yewalewadi. Approx. land 706 sq m, built-up 1234.4 sq m."
21664a09-9aae-4062-bf83-0a8df014039a,BMC-FS-400012-000003,Mumbai,MCGM-FS,F/S Ward,City,Sewri,870,38,9438,224,400012,18.993922,72.836245,1179,1693.8,rented,341708,64663,active,institutional,Swati Shah,9900000190,low,2025-12-25,"Non-residential public/institutional use; inspections routed via department. Area context: Sewri. Approx. land 1179 sq m, built-up 1693.8 sq m."
6631fcc0-5e65-4106-9460-57029da1a77a,PMC-BP-411042-000006,Pune,PMC-BP,Bhavani Peth,Central,Ganj Peth,763,253,847,35,411011,18.513655,73.865493,452,891.8,rented,105593,21935,active,residential,Swati Agarwal,9900000191,medium,2026-01-28,"Property verified against ward register; owner-occupied share likely high. Area context: Ganj Peth. Approx. land 452 sq m, built-up 891.8 sq m."
5bc940f8-ca7b-4f06-ab9e-4702b8beb008,BMC-N-400077-000008,Mumbai,MCGM-N,N Ward,Eastern Suburbs,Vidyavihar East,939,53,9372,162,400077,19.09312,72.904347,243,254.0,rented,83372,16247,active,residential,Varsha Patel,9900000192,low,2025-08-31,"Property verified against ward register; owner-occupied share likely high. Area context: Vidyavihar East. Approx. land 243 sq m, built-up 254.0 sq m."
d1b0946f-8e5b-4ab0-aa6f-92d216751957,PMC-DP-411001-000004,Pune,PMC-DP,Dhole Patil,East-Central,Boat Club Road,41,286,963,198,411014,18.542967,73.882002,496,847.7,owner_occupied,102444,22288,sealed,residential,Sneha Gadgil,9900000193,low,2025-09-30,"Property verified against ward register; owner-occupied share likely high. Area context: Boat Club Road. Approx. land 496 sq m, built-up 847.7 sq m."
b5d558bd-c795-4f94-b638-db038e8f8519,BMC-KE-400069-000009,Mumbai,MCGM-KE,K/E Ward,Western Suburbs,Andheri East,764,283,4007,177,400069,19.115767,72.851601,815,945.6,rented,537444,107993,active,mixed_use,Silver Traders,9900000194,medium,2026-02-16,"Ground-floor commercial activity noted; upper floors residential. Area context: Andheri East. Approx. land 815 sq m, built-up 945.6 sq m."
54c5dc1c-1fc4-4cca-9b42-f56ad49b6975,PMC-BP-411042-000007,Pune,PMC-BP,Bhavani Peth,Central,Bhavani Peth,704,83,7204,88,411042,18.503337,73.871404,976,3821.8,owner_occupied,1025005,174897,active,commercial,Vikas Deshmukh,9900000195,low,2025-10-01,"Frontage and signage potential flagged for annual review. Area context: Bhavani Peth. Approx. land 976 sq m, built-up 3821.8 sq m."
ea6cf2b8-70e0-45be-867b-b1015737017c,PMC-WK-411058-000004,Pune,PMC-WK,Warje Karvenagar,West,Erandwane Annexe,85,287,484,47,411052,18.487766,73.811337,208,656.1,owner_occupied,180125,36939,active,commercial,Aarav Gaikwad,9900000196,low,2026-02-14,"Frontage and signage potential flagged for annual review. Area context: Erandwane Annexe. Approx. land 208 sq m, built-up 656.1 sq m."
7b99441a-90f6-4192-a785-4c3c55e9c037,PMC-DP-411001-000005,Pune,PMC-DP,Dhole Patil,East-Central,Boat Club Road,480,46,8713,51,411001,18.534124,73.872149,276,349.6,mixed,50493,7635,active,residential,Sunil Gadgil,9900000197,low,2025-10-15,"Property verified against ward register; owner-occupied share likely high. Area context: Boat Club Road. Approx. land 276 sq m, built-up 349.6 sq m."
422d2da7-3935-4dff-a1fa-e2465119ac9b,BMC-S-400078-000011,Mumbai,MCGM-S,S Ward,Eastern Suburbs,Bhandup West,140,179,4333,161,400078,19.163538,72.950693,776,1422.7,owner_occupied,653955,104663,active,industrial,Chetan Bansode,9900000198,low,2026-02-24,"Storage/fire referral may be required for certain workflows. Area context: Bhandup West. Approx. land 776 sq m, built-up 1422.7 sq m."
6212750f-5f87-4a2c-aead-588e3128e956,PMC-KY-411048-000003,Pune,PMC-KY,Kondhwa Yewalewadi,South,Yewalewadi,24,22,4970,28,411048,18.441992,73.886016,287,423.3,rented,128224,20048,active,commercial,Nirman Stationers,9900000199,low,2025-08-23,"Frontage and signage potential flagged for annual review. Area context: Yewalewadi. Approx. land 287 sq m, built-up 423.3 sq m."
7c4d66ab-80f5-48fe-894c-9a017b9a50d9,BMC-HE-400055-000004,Mumbai,MCGM-HE,H/E Ward,Western Suburbs,Vakola,379,152,1825,78,400055,19.086919,72.842047,1030,1834.0,owner_occupied,749910,188416,active,industrial,Pratham Engineering,9900000200,low,2025-11-29,"Storage/fire referral may be required for certain workflows. Area context: Vakola. Approx. land 1030 sq m, built-up 1834.0 sq m."
0bee945e-a7bc-4f33-976f-5a10ec046119,BMC-L-400070-000003,Mumbai,MCGM-L,L Ward,Eastern Suburbs,Kurla East,188,194,3771,175,400070,19.071453,72.887242,354,1047.5,mixed,394048,83136,active,residential,Reliable Enterprises,9900000201,low,2026-01-27,"Property verified against ward register; owner-occupied share likely high. Area context: Kurla East. Approx. land 354 sq m, built-up 1047.5 sq m."
aa73aaa6-d506-473d-b602-1e56a4c7e044,BMC-PS-400104-000005,Mumbai,MCGM-PS,P/S Ward,Western Suburbs,Motilal Nagar,24,89,7260,216,400104,19.162134,72.853816,219,404.1,owner_occupied,125905,31899,active,residential,Silver Enterprises,9900000202,medium,2026-03-15,"Property verified against ward register; owner-occupied share likely high. Area context: Motilal Nagar. Approx. land 219 sq m, built-up 404.1 sq m."
81b581fb-3aec-4478-86e4-18cc62edca13,BMC-PS-400104-000006,Mumbai,MCGM-PS,P/S Ward,Western Suburbs,Bangur Nagar,22,162,163,185,400104,19.175119,72.854436,687,2111.8,rented,1026191,223201,active,mixed_use,Aarav Bansode,9900000203,low,2025-12-16,"Ground-floor commercial activity noted; upper floors residential. Area context: Bangur Nagar. Approx. land 687 sq m, built-up 2111.8 sq m."
87e983b9-d370-44b1-b045-bf386711d0d9,PMC-AB-411045-000007,Pune,PMC-AB,Aundh Baner,West,Pashan Link,790,156,3559,153,411045,18.56849,73.807446,126,219.2,owner_occupied,25359,4635,active,residential,Swapnil More,9900000204,medium,2025-12-27,"Property verified against ward register; owner-occupied share likely high. Area context: Pashan Link. Approx. land 126 sq m, built-up 219.2 sq m."
7297030b-9b8f-49d8-8d7c-6f3384e6f8f5,PMC-KY-411060-000004,Pune,PMC-KY,Kondhwa Yewalewadi,South,Kondhwa,940,269,6437,6,411048,18.442888,73.88935,859,95.2,rented,12000,2500,active,vacant_land,Pratham Decor,9900000205,medium,2025-10-22,"Vacant parcel; development workflow more likely than trade workflow. Area context: Kondhwa. Approx. land 859 sq m, built-up 95.2 sq m."
c433285e-a360-410c-8b14-f9ebd409d415,BMC-FS-400012-000004,Mumbai,MCGM-FS,F/S Ward,City,Sewri,967,94,3073,163,400012,19.017719,72.835113,457,1170.8,rented,403341,90389,active,residential,Rashmi Agarwal,9900000206,low,2025-09-22,"Property verified against ward register; owner-occupied share likely high. Area context: Sewri. Approx. land 457 sq m, built-up 1170.8 sq m."
ac69b102-c36c-4073-b8b1-0dc7ac432dc5,PMC-KY-411048-000005,Pune,PMC-KY,Kondhwa Yewalewadi,South,Kondhwa,178,169,4404,211,411048,18.450716,73.904475,57,117.9,rented,30274,5059,active,commercial,Vidya Naik,9900000207,low,2026-01-06,"Frontage and signage potential flagged for annual review. Area context: Kondhwa. Approx. land 57 sq m, built-up 117.9 sq m."
63955be0-f794-424e-ab81-9e4834373968,PMC-NR-411006-000008,Pune,PMC-NR,Nagar Road Vadgaon Sheri,East,Viman Nagar,47,243,2804,53,411014,18.564405,73.930387,952,1203.8,owner_occupied,385453,75643,active,commercial,Greenfield Logistics,9900000208,low,2026-01-10,"Frontage and signage potential flagged for annual review. Area context: Viman Nagar. Approx. land 952 sq m, built-up 1203.8 sq m."
dc386861-03e4-49c4-9af3-2af9ec0a47f4,BMC-GS-400013-000006,Mumbai,MCGM-GS,G/S Ward,City,Worli,36,237,2376,184,400013,19.002327,72.837373,331,1300.0,rented,908766,233669,active,commercial,Sheetal Pawar,9900000209,medium,2026-03-31,"Frontage and signage potential flagged for annual review. Area context: Worli. Approx. land 331 sq m, built-up 1300.0 sq m."
9252f501-e6d1-42aa-9b9c-b7bc6028281d,PMC-KVW-411002-000013,Pune,PMC-KVW,Kasba Vishrambagwada,Central,Shaniwar Peth,460,235,9558,67,411011,18.522152,73.847468,278,393.1,mixed,40060,10471,active,residential,Deepak Singh,9900000210,low,2025-12-29,"Property verified against ward register; owner-occupied share likely high. Area context: Shaniwar Peth. Approx. land 278 sq m, built-up 393.1 sq m."
eec75173-d5da-4d09-8841-28ff7abb6d80,PMC-BP-411042-000008,Pune,PMC-BP,Bhavani Peth,Central,Ganj Peth,855,60,6198,6,411011,18.496747,73.877441,2157,55.5,mixed,12000,2500,active,vacant_land,Ashish Wagh,9900000211,low,2026-01-24,"Vacant parcel; development workflow more likely than trade workflow. Area context: Ganj Peth. Approx. land 2157 sq m, built-up 55.5 sq m."
42bd9f29-9f1a-4687-9f7b-88322890c05f,BMC-S-400078-000012,Mumbai,MCGM-S,S Ward,Eastern Suburbs,Bhandup West,908,161,8488,134,400078,19.153742,72.926477,197,263.0,rented,94202,20046,active,residential,Sonali Deshmukh,9900000212,low,2025-12-01,"Property verified against ward register; owner-occupied share likely high. Area context: Bhandup West. Approx. land 197 sq m, built-up 263.0 sq m."
e62d09cf-031b-4788-9279-290a457c1bd6,PMC-AB-411021-000008,Pune,PMC-AB,Aundh Baner,West,Pashan Link,337,135,4759,60,411021,18.551651,73.816284,414,549.8,mixed,65519,16216,active,residential,Reliable Stores,9900000213,medium,2026-04-28,"Property verified against ward register; owner-occupied share likely high. Area context: Pashan Link. Approx. land 414 sq m, built-up 549.8 sq m."
80020b1e-a75c-4b72-971a-41feb3d75b33,PMC-AB-411045-000009,Pune,PMC-AB,Aundh Baner,West,Aundh,731,172,8746,237,411045,18.556472,73.798587,124,188.4,owner_occupied,54136,10887,active,commercial,Gayatri Shinde,9900000214,low,2026-01-23,"Frontage and signage potential flagged for annual review. Area context: Aundh. Approx. land 124 sq m, built-up 188.4 sq m."
2566e6cc-c5d4-4c9c-8de1-a0f317288fb4,PMC-NR-411006-000009,Pune,PMC-NR,Nagar Road Vadgaon Sheri,East,Vadgaon Sheri,291,41,3018,163,411014,18.561511,73.920641,2009,2637.1,owner_occupied,287733,56141,active,institutional,Skyline Lounge,9900000215,low,2026-01-26,"Non-residential public/institutional use; inspections routed via department. Area context: Vadgaon Sheri. Approx. land 2009 sq m, built-up 2637.1 sq m."
a7ff01db-ec82-4305-9f65-fdfd2fb7898c,PMC-HM-411028-000010,Pune,PMC-HM,Hadapsar Mundhwa,East,Mundhwa,981,91,1080,179,411028,18.507442,73.939409,888,2373.6,rented,506409,110847,under_verification,mixed_use,Arjun Gaikwad,9900000216,medium,2025-10-17,"Ground-floor commercial activity noted; upper floors residential. Area context: Mundhwa. Approx. land 888 sq m, built-up 2373.6 sq m."
eb0bca93-ed9a-4b22-be94-0c0d5d875b32,PMC-SR-411041-000011,Pune,PMC-SR,Sinhagad Road,South-West,Dhayari,839,188,9976,74,411041,18.453311,73.829413,156,202.3,rented,29429,5064,active,residential,Varsha Jadhav,9900000217,low,2025-12-13,"Property verified against ward register; owner-occupied share likely high. Area context: Dhayari. Approx. land 156 sq m, built-up 202.3 sq m."
b6b227e5-7a90-4bb4-b0fe-420e92b984f0,BMC-B-400009-000004,Mumbai,MCGM-B,B Ward,Island City,Bhuleshwar,114,140,7973,24,400009,18.977146,72.842429,500,1020.6,owner_occupied,258619,58072,active,residential,Sameer Patil,9900000218,low,2025-11-20,"Property verified against ward register; owner-occupied share likely high. Area context: Bhuleshwar. Approx. land 500 sq m, built-up 1020.6 sq m."
0ce0e8a3-f98e-406d-9b8a-6a55d3f143ea,BMC-S-400078-000013,Mumbai,MCGM-S,S Ward,Eastern Suburbs,Bhandup West,38,225,7235,60,400078,19.138293,72.925324,530,1788.7,rented,1122694,162216,active,mixed_use,Supreme Mart,9900000219,medium,2025-12-12,"Ground-floor commercial activity noted; upper floors residential. Area context: Bhandup West. Approx. land 530 sq m, built-up 1788.7 sq m."
dba8db90-cfa2-4c7d-b747-6bdabe87318d,BMC-GS-400013-000007,Mumbai,MCGM-GS,G/S Ward,City,Prabhadevi,515,206,8684,77,400013,19.005357,72.821118,214,465.5,owner_occupied,118361,25663,active,residential,Mahalaxmi Enterprises,9900000220,low,2026-05-02,"Property verified against ward register; owner-occupied share likely high. Area context: Prabhadevi. Approx. land 214 sq m, built-up 465.5 sq m."
02181dd1-f29f-4adf-8e68-41b8a9df75ac,BMC-GN-400028-000006,Mumbai,MCGM-GN,G/N Ward,City,Mahim,870,200,83,239,400028,19.022038,72.826025,429,1008.7,rented,377876,81667,active,residential,Rashmi Chavan,9900000221,low,2025-11-24,"Property verified against ward register; owner-occupied share likely high. Area context: Mahim. Approx. land 429 sq m, built-up 1008.7 sq m."
0869a8b7-bf92-4ad0-846c-3cc8788bf9b2,PMC-SR-411041-000012,Pune,PMC-SR,Sinhagad Road,South-West,Dhayari,26,70,4808,152,411051,18.460164,73.82567,58,68.5,mixed,12699,2500,active,mixed_use,Swati Mahajan,9900000222,low,2025-10-20,"Ground-floor commercial activity noted; upper floors residential. Area context: Dhayari. Approx. land 58 sq m, built-up 68.5 sq m."
0102d9ea-bd2c-4517-8662-c4b67fd61632,BMC-E-400008-000003,Mumbai,MCGM-E,E Ward,Island City,Byculla,802,164,8132,65,400008,18.967807,72.844558,2308,2744.6,owner_occupied,449022,106703,active,institutional,Siddharth Gaikwad,9900000223,medium,2026-04-01,"Non-residential public/institutional use; inspections routed via department. Area context: Byculla. Approx. land 2308 sq m, built-up 2744.6 sq m."
4b4f230e-9c3d-4a15-be3c-b43c80bd60e2,BMC-FN-400019-000004,Mumbai,MCGM-FN,F/N Ward,City,Wadala East,886,52,4063,165,400019,19.034906,72.848341,186,531.5,rented,195822,42139,under_verification,residential,Siddharth Gaikwad,9900000224,low,2025-11-27,"Property verified against ward register; owner-occupied share likely high. Area context: Wadala East. Approx. land 186 sq m, built-up 531.5 sq m."
e23fa8f2-ffcb-48c3-b389-a956ceea767e,BMC-RC-400092-000005,Mumbai,MCGM-RC,R/C Ward,Western Suburbs,Eksar,812,190,8456,193,400092,19.227591,72.858683,52,114.8,owner_occupied,38997,6734,active,residential,Anagha Deshmukh,9900000225,low,2026-01-12,"Property verified against ward register; owner-occupied share likely high. Area context: Eksar. Approx. land 52 sq m, built-up 114.8 sq m."
9769c0d4-2d62-456a-bb1e-890d72eb194a,PMC-KY-411048-000006,Pune,PMC-KY,Kondhwa Yewalewadi,South,NIBM Road,418,114,7263,113,411060,18.459589,73.891373,458,437.7,owner_occupied,55512,9177,active,residential,Fortune Solutions,9900000226,low,2025-11-26,"Property verified against ward register; owner-occupied share likely high. Area context: NIBM Road. Approx. land 458 sq m, built-up 437.7 sq m."
34f5b68d-7585-4708-96b6-d8843a57114f,BMC-FN-400019-000005,Mumbai,MCGM-FN,F/N Ward,City,Sion,555,178,5585,24,400019,19.041393,72.846038,951,3143.2,rented,2293565,471558,active,commercial,Metro Engineering,9900000227,low,2025-12-23,"Frontage and signage potential flagged for annual review. Area context: Sion. Approx. land 951 sq m, built-up 3143.2 sq m."
f3de999f-1c86-4b42-a478-1ee4705704ab,PMC-KY-411048-000007,Pune,PMC-KY,Kondhwa Yewalewadi,South,NIBM Road,931,58,3778,203,411048,18.448709,73.899949,420,1073.2,rented,205793,37403,active,mixed_use,Pooja Kapoor,9900000228,low,2025-11-15,"Ground-floor commercial activity noted; upper floors residential. Area context: NIBM Road. Approx. land 420 sq m, built-up 1073.2 sq m."
ddf656a1-c3b6-48ec-b6f9-6ef834e996ba,PMC-NR-411014-000010,Pune,PMC-NR,Nagar Road Vadgaon Sheri,East,Vadgaon Sheri,86,216,7466,59,411014,18.560493,73.916086,365,830.6,owner_occupied,101989,21550,disputed,residential,Urban Hospitality,9900000229,high,2026-04-21,"Property verified against ward register; owner-occupied share likely high. Area context: Vadgaon Sheri. Approx. land 365 sq m, built-up 830.6 sq m."
1946757f-d35b-49d2-81f0-829b32b97914,BMC-PN-400064-000005,Mumbai,MCGM-PN,P/N Ward,Western Suburbs,Liberty Garden,978,298,7042,144,400064,19.1895,72.848314,817,2064.1,rented,956076,169777,under_verification,mixed_use,Deepak Chavan,9900000230,low,2026-02-12,"Ground-floor commercial activity noted; upper floors residential. Area context: Liberty Garden. Approx. land 817 sq m, built-up 2064.1 sq m."
3aa6ef81-d7cb-46d7-b19a-76c97943ec9f,BMC-KE-400069-000010,Mumbai,MCGM-KE,K/E Ward,Western Suburbs,Andheri East,894,51,2066,15,400069,19.12453,72.864233,350,528.1,owner_occupied,191905,39270,active,residential,Skyline Stores,9900000231,high,2026-03-11,"Property verified against ward register; owner-occupied share likely high. Area context: Andheri East. Approx. land 350 sq m, built-up 528.1 sq m."
dc962667-dabf-4d7e-8067-c35aa232eb44,PMC-SG-411004-000007,Pune,PMC-SG,Shivajinagar Ghole Road,Central-West,JM Road,620,96,2422,50,411005,18.530748,73.837727,382,1003.3,owner_occupied,136219,28226,active,residential,Arjun Mehta,9900000232,low,2025-09-21,"Property verified against ward register; owner-occupied share likely high. Area context: JM Road. Approx. land 382 sq m, built-up 1003.3 sq m."
0a2ce9b0-002a-4e0c-b3c5-962ed7f96b49,PMC-SR-411041-000013,Pune,PMC-SR,Sinhagad Road,South-West,Anand Nagar,252,83,1938,226,411051,18.460444,73.830479,143,337.2,owner_occupied,40408,8045,active,residential,Sunil Deshmukh,9900000233,medium,2026-03-09,"Property verified against ward register; owner-occupied share likely high. Area context: Anand Nagar. Approx. land 143 sq m, built-up 337.2 sq m."
7fdfd47a-e7aa-465c-801e-ac3d8dfb9169,BMC-RS-400067-000005,Mumbai,MCGM-RS,R/S Ward,Western Suburbs,Charkop,545,289,2818,18,400067,19.194526,72.837533,1179,3841.8,rented,2445462,635823,active,commercial,Shalini Bansode,9900000234,low,2026-06-11,"Frontage and signage potential flagged for annual review. Area context: Charkop. Approx. land 1179 sq m, built-up 3841.8 sq m."
8bd3c827-4133-4aa2-967d-d787a9744033,BMC-RC-400092-000006,Mumbai,MCGM-RC,R/C Ward,Western Suburbs,Eksar,844,243,3959,27,400092,19.24624,72.842554,3470,7699.7,owner_occupied,3471957,778534,active,industrial,Anagha Gadgil,9900000235,low,2025-10-10,"Storage/fire referral may be required for certain workflows. Area context: Eksar. Approx. land 3470 sq m, built-up 7699.7 sq m."
d7378a1a-e127-40b6-a382-6d9e2ffdf5b2,PMC-KY-411060-000008,Pune,PMC-KY,Kondhwa Yewalewadi,South,Yewalewadi,41,42,9538,170,411060,18.451092,73.886163,156,408.9,rented,50083,11143,active,residential,Galaxy Agency,9900000236,medium,2026-03-09,"Property verified against ward register; owner-occupied share likely high. Area context: Yewalewadi. Approx. land 156 sq m, built-up 408.9 sq m."
78f0175e-5e76-47af-b9ed-d61adc457ded,PMC-KVW-411030-000014,Pune,PMC-KVW,Kasba Vishrambagwada,Central,Vishrambag Wada,493,4,6107,140,411011,18.517557,73.857294,346,1375.1,rented,454288,75068,active,commercial,Aniket Deshmukh,9900000237,low,2026-01-26,"Frontage and signage potential flagged for annual review. Area context: Vishrambag Wada. Approx. land 346 sq m, built-up 1375.1 sq m."
ff26b8d3-9d70-49d5-b462-a701746b9914,PMC-SR-411051-000014,Pune,PMC-SR,Sinhagad Road,South-West,Narhe,281,3,2330,169,411041,18.467371,73.822523,724,2134.5,owner_occupied,596991,105650,active,commercial,Chetan Agarwal,9900000238,low,2025-11-19,"Frontage and signage potential flagged for annual review. Area context: Narhe. Approx. land 724 sq m, built-up 2134.5 sq m."
8f75edb2-604b-4d5b-b02b-8a6dd84d4d70,PMC-SG-411004-000008,Pune,PMC-SG,Shivajinagar Ghole Road,Central-West,JM Road,244,211,4954,45,411004,18.527523,73.854598,222,658.3,owner_occupied,96025,12713,active,residential,Shailesh Raut,9900000239,high,2025-11-16,"Property verified against ward register; owner-occupied share likely high. Area context: JM Road. Approx. land 222 sq m, built-up 658.3 sq m."
73d70a4b-1db1-40c0-b5ce-9429315bdedd,BMC-RN-400068-000007,Mumbai,MCGM-RN,R/N Ward,Western Suburbs,Rawalpada,847,155,6959,170,400068,19.246249,72.871688,742,1162.1,rented,946604,168287,active,commercial,Metro Industries,9900000240,low,2026-03-04,"Frontage and signage potential flagged for annual review. Area context: Rawalpada. Approx. land 742 sq m, built-up 1162.1 sq m."
