id,event_type,subject,actor,outcome,ip_address,detail_message,details_json,created_at
af3e283f-35df-44e6-8457-2e05ba08ea58,license.created,d82be31e-b59a-490d-86e2-a3c0a630036a,pmc-lic-09,success,10.20.124.10,Created license application PMC-OCC-2026-000001,"{""ward_code"": ""PMC-AB"", ""city"": ""Pune"", ""license_type"": ""occupancy_certificate""}",2025-11-09T22:42:00+00:00
e4ee5d16-83c1-41fb-beb8-f48f025b287d,license.rejected,d82be31e-b59a-490d-86e2-a3c0a630036a,pmc-lic-09,success,10.20.70.43,Rejected license application PMC-OCC-2026-000001,"{""sla_days"": 21, ""decision_state"": ""rejected""}",2025-11-22T10:42:00+00:00
ba5b6c4d-e101-41ea-8b3d-471b9d43cf09,license.created,8029fb40-16fb-4438-9f3c-72ea8a947c82,bmc-lic-23,success,10.20.15.105,Created license application BMC-FIR-2026-000002,"{""ward_code"": ""MCGM-S"", ""city"": ""Mumbai"", ""license_type"": ""fire_referral""}",2026-02-21T18:02:00+00:00
e385ee4c-efaa-4a6f-abcc-d0e0029a4517,license.created,34804dcc-8c5a-4c91-bc8f-ae9164f7b940,bmc-lic-07,success,10.20.111.12,Created license application BMC-HLT-2026-000003,"{""ward_code"": ""MCGM-FN"", ""city"": ""Mumbai"", ""license_type"": ""health_noc""}",2026-01-01T22:48:00+00:00
fc1ff0b0-1862-4753-804c-a53cb2f6e515,license.approved,34804dcc-8c5a-4c91-bc8f-ae9164f7b940,bmc-lic-07,success,10.20.101.40,Approved license application BMC-HLT-2026-000003,"{""sla_days"": 12, ""decision_state"": ""approved""}",2026-01-11T05:48:00+00:00
b25f3210-88bb-4caa-8247-565161da6e4e,license.created,4924c3f9-89ef-4139-9477-5af2738e5948,pmc-lic-02,success,10.20.165.114,Created license application PMC-OCC-2026-000004,"{""ward_code"": ""PMC-BP"", ""city"": ""Pune"", ""license_type"": ""occupancy_certificate""}",2025-11-10T21:30:00+00:00
31996f11-fb17-4825-996d-ed5626561421,license.rejected,4924c3f9-89ef-4139-9477-5af2738e5948,pmc-lic-02,success,10.20.112.5,Rejected license application PMC-OCC-2026-000004,"{""sla_days"": 21, ""decision_state"": ""rejected""}",2025-11-19T03:30:00+00:00
0cc474a7-76f0-40af-a8e3-1a14946b0a67,license.created,dafabab4-63a7-4003-9e30-81879a13877f,bmc-lic-22,success,10.20.49.71,Created license application BMC-SBD-2026-000005,"{""ward_code"": ""MCGM-N"", ""city"": ""Mumbai"", ""license_type"": ""signboard_permission""}",2026-02-19T00:44:00+00:00
9d7ac694-9845-455f-9fd5-ae797b44750f,license.created,d11f2c82-66f3-4b46-8aee-2075a992fdd6,bmc-lic-07,success,10.20.87.236,Created license application BMC-HLT-2026-000006,"{""ward_code"": ""MCGM-FN"", ""city"": ""Mumbai"", ""license_type"": ""health_noc""}",2026-02-02T21:04:00+00:00
90dadf40-b003-445a-93bc-26ac28b0ad2c,license.created,e5c6b922-9fbf-4b0e-a2fa-a56bab041f4e,pmc-lic-12,success,10.20.4.150,Created license application PMC-BPA-2026-000007,"{""ward_code"": ""PMC-SG"", ""city"": ""Pune"", ""license_type"": ""building_plan_approval""}",2026-01-06T11:46:00+00:00
8b877315-bc6c-4fc0-98ed-1a22dc824896,license.created,4cb59cee-e242-4ffb-a38e-e02655b3d4f7,bmc-lic-06,success,10.20.49.46,Created license application BMC-FIR-2026-000008,"{""ward_code"": ""MCGM-FS"", ""city"": ""Mumbai"", ""license_type"": ""fire_referral""}",2025-12-26T04:12:00+00:00
f20146b6-1ecd-4334-b446-07edb8f8f519,license.created,bf24fc9e-b71b-4ec5-bbcb-04a041924c95,bmc-lic-05,success,10.20.105.142,Created license application BMC-FIR-2026-000009,"{""ward_code"": ""MCGM-E"", ""city"": ""Mumbai"", ""license_type"": ""fire_referral""}",2025-11-25T13:49:00+00:00
e13c154b-c617-4c6a-8afa-54ff8b7d9398,license.created,4e384d89-6814-4fb6-95bf-f6b28678026c,pmc-lic-06,success,10.20.172.188,Created license application PMC-OCC-2026-000010,"{""ward_code"": ""PMC-HM"", ""city"": ""Pune"", ""license_type"": ""occupancy_certificate""}",2026-02-14T15:55:00+00:00
45221e52-bf8d-4e0d-b0f7-917aff59c881,license.rejected,4e384d89-6814-4fb6-95bf-f6b28678026c,pmc-lic-06,success,10.20.139.26,Rejected license application PMC-OCC-2026-000010,"{""sla_days"": 21, ""decision_state"": ""rejected""}",2026-03-02T10:55:00+00:00
7d31d537-e964-4da8-b9ce-dde500f1c79c,license.created,822b66e5-75d7-460c-baa1-8aa22b36a2f9,pmc-lic-06,success,10.20.125.90,Created license application PMC-TRD-2026-000011,"{""ward_code"": ""PMC-HM"", ""city"": ""Pune"", ""license_type"": ""trade_license""}",2025-12-10T23:45:00+00:00
4db996fd-e311-4bf2-a9ea-794d22a94924,license.approved,822b66e5-75d7-460c-baa1-8aa22b36a2f9,pmc-lic-06,success,10.20.156.101,Approved license application PMC-TRD-2026-000011,"{""sla_days"": 10, ""decision_state"": ""approved""}",2025-12-23T01:45:00+00:00
fa20eaf1-e8b9-4045-a924-30c01cee9f52,license.created,0e2fc87f-0d29-41f1-b0ec-88d08f8df534,bmc-lic-19,success,10.20.177.143,Created license application BMC-BPA-2026-000012,"{""ward_code"": ""MCGM-L"", ""city"": ""Mumbai"", ""license_type"": ""building_plan_approval""}",2025-11-05T06:13:00+00:00
1728d651-3815-46eb-8964-88b87017e58d,license.approved,0e2fc87f-0d29-41f1-b0ec-88d08f8df534,bmc-lic-19,success,10.20.105.170,Approved license application BMC-BPA-2026-000012,"{""sla_days"": 30, ""decision_state"": ""approved""}",2025-11-22T11:13:00+00:00
4f3ca0fa-d6bb-4575-ba07-08a54f063ce9,license.created,8be9577f-540b-459b-a2fe-29c80348a90f,bmc-lic-18,success,10.20.35.129,Created license application BMC-BPA-2026-000013,"{""ward_code"": ""MCGM-RN"", ""city"": ""Mumbai"", ""license_type"": ""building_plan_approval""}",2026-01-19T14:53:00+00:00
7554bf1c-7a28-4224-8bde-0b9965900e7b,license.created,bcf1cb2b-1820-4cbf-b3c3-04eddf9fa2d8,pmc-lic-02,success,10.20.199.139,Created license application PMC-BPA-2026-000014,"{""ward_code"": ""PMC-BP"", ""city"": ""Pune"", ""license_type"": ""building_plan_approval""}",2025-12-09T17:56:00+00:00
fde200a8-36d6-4f6a-91e2-4f475b3e8a4f,license.approved,bcf1cb2b-1820-4cbf-b3c3-04eddf9fa2d8,pmc-lic-02,success,10.20.6.165,Approved license application PMC-BPA-2026-000014,"{""sla_days"": 30, ""decision_state"": ""approved""}",2025-12-22T18:56:00+00:00
c895c144-4c1e-4a0e-aca3-0f605d6bf17f,license.created,ebe350e3-2d3d-4ee8-b140-c17d89d95454,pmc-lic-05,success,10.20.11.250,Created license application PMC-TRD-2026-000015,"{""ward_code"": ""PMC-DS"", ""city"": ""Pune"", ""license_type"": ""trade_license""}",2025-11-11T21:46:00+00:00
3939bfd1-04a1-45a7-b256-64e27815cb08,license.created,f2d6063e-9e5b-4c74-b099-622a5b33fb0c,pmc-lic-12,success,10.20.18.185,Created license application PMC-HLT-2026-000016,"{""ward_code"": ""PMC-SG"", ""city"": ""Pune"", ""license_type"": ""health_noc""}",2026-03-30T06:41:00+00:00
d7f27c86-064e-43ba-b66f-b42e15f6f449,license.rejected,f2d6063e-9e5b-4c74-b099-622a5b33fb0c,pmc-lic-12,success,10.20.131.41,Rejected license application PMC-HLT-2026-000016,"{""sla_days"": 12, ""decision_state"": ""rejected""}",2026-04-14T14:41:00+00:00
84c2bc3f-6d23-4f7b-ae43-9a298dcf97ea,license.created,8a351d06-eff1-4243-8bc2-1caa68f17910,pmc-lic-11,success,10.20.21.21,Created license application PMC-TRD-2026-000017,"{""ward_code"": ""PMC-KB"", ""city"": ""Pune"", ""license_type"": ""trade_license""}",2026-03-31T22:36:00+00:00
83bf2d95-0fa1-4167-8a8e-a3dee6497f32,license.approved,8a351d06-eff1-4243-8bc2-1caa68f17910,pmc-lic-11,success,10.20.93.224,Approved license application PMC-TRD-2026-000017,"{""sla_days"": 10, ""decision_state"": ""approved""}",2026-04-10T12:36:00+00:00
6c49ecce-1a50-497d-96e6-e1aec884a554,license.created,c366e66e-4e54-4769-b403-1c1479041497,bmc-lic-06,success,10.20.150.88,Created license application BMC-BPA-2026-000018,"{""ward_code"": ""MCGM-FS"", ""city"": ""Mumbai"", ""license_type"": ""building_plan_approval""}",2025-11-03T08:47:00+00:00
4ccfb53d-ae4d-45f5-8427-b7a5dcb97ae9,license.approved,c366e66e-4e54-4769-b403-1c1479041497,bmc-lic-06,success,10.20.80.63,Approved license application BMC-BPA-2026-000018,"{""sla_days"": 30, ""decision_state"": ""approved""}",2025-11-16T14:47:00+00:00
096f80c6-5fe8-4f55-ba74-163f5ca347da,license.created,3fa2eac7-94eb-43ff-977d-a63f6c7ed74a,pmc-lic-10,success,10.20.147.230,Created license application PMC-OCC-2026-000019,"{""ward_code"": ""PMC-WK"", ""city"": ""Pune"", ""license_type"": ""occupancy_certificate""}",2025-12-04T20:23:00+00:00
44a1b5eb-dc42-4053-8639-13104b2428a2,license.created,0e3cf498-76ba-4c90-8241-d9f93d4c7328,pmc-lic-09,success,10.20.161.140,Created license application PMC-TRD-2026-000020,"{""ward_code"": ""PMC-AB"", ""city"": ""Pune"", ""license_type"": ""trade_license""}",2026-02-22T07:24:00+00:00
d09e2e28-5963-4c9e-bbcb-ff3d85ba1bcb,license.rejected,0e3cf498-76ba-4c90-8241-d9f93d4c7328,pmc-lic-09,success,10.20.51.38,Rejected license application PMC-TRD-2026-000020,"{""sla_days"": 10, ""decision_state"": ""rejected""}",2026-02-24T11:24:00+00:00
6157d43d-bdc7-441e-9cff-f24011de7af2,license.created,19c39797-6259-438e-abf3-9351eda50632,pmc-lic-06,success,10.20.133.27,Created license application PMC-TRD-2026-000021,"{""ward_code"": ""PMC-HM"", ""city"": ""Pune"", ""license_type"": ""trade_license""}",2026-03-11T00:41:00+00:00
c8bb52e3-ed24-4bad-a4b4-8a90a5c6242c,license.created,fde27218-0ace-4f4f-98e2-f6c1cc52fefa,pmc-lic-05,success,10.20.109.93,Created license application PMC-BPA-2026-000022,"{""ward_code"": ""PMC-DS"", ""city"": ""Pune"", ""license_type"": ""building_plan_approval""}",2026-03-06T05:07:00+00:00
8824120f-2a0e-4e2a-b6a3-3f317177080e,license.created,6ea9fab1-d94c-4259-a0ed-70cc34cf4a0b,bmc-lic-12,success,10.20.67.225,Created license application BMC-TRD-2026-000023,"{""ward_code"": ""MCGM-KE"", ""city"": ""Mumbai"", ""license_type"": ""trade_license""}",2025-12-09T14:51:00+00:00
342a4af6-e171-49bf-ad73-b0444b1abe56,license.rejected,6ea9fab1-d94c-4259-a0ed-70cc34cf4a0b,bmc-lic-12,success,10.20.54.174,Rejected license application BMC-TRD-2026-000023,"{""sla_days"": 10, ""decision_state"": ""rejected""}",2025-12-15T19:51:00+00:00
105dc1d3-a321-4be0-abc2-e13a2283f714,license.created,da283bbb-7131-4089-b13d-5d39c028bae6,bmc-lic-09,success,10.20.148.47,Created license application BMC-SBD-2026-000024,"{""ward_code"": ""MCGM-GN"", ""city"": ""Mumbai"", ""license_type"": ""signboard_permission""}",2025-11-19T18:25:00+00:00
d3f4b9f5-2925-4d70-be06-f8bab2fc4f90,license.created,924e612d-cea5-4fa9-8b61-60475e63c1ce,bmc-lic-02,success,10.20.105.211,Created license application BMC-OCC-2026-000025,"{""ward_code"": ""MCGM-B"", ""city"": ""Mumbai"", ""license_type"": ""occupancy_certificate""}",2025-12-08T05:21:00+00:00
2ea7f30f-f6cf-4ae9-9802-d77b2d714f4b,license.created,27b3eeab-886a-4d0f-ae86-4ed03e66ebb5,pmc-lic-06,success,10.20.179.112,Created license application PMC-HLT-2026-000026,"{""ward_code"": ""PMC-HM"", ""city"": ""Pune"", ""license_type"": ""health_noc""}",2025-11-24T00:41:00+00:00
99d25cfc-cadb-4de0-8559-cc46d95a470e,license.created,ee4af8f2-891e-4500-a912-a38cd19c98d2,bmc-lic-23,success,10.20.174.233,Created license application BMC-TRD-2026-000027,"{""ward_code"": ""MCGM-S"", ""city"": ""Mumbai"", ""license_type"": ""trade_license""}",2026-01-26T11:18:00+00:00
e13e1bac-b66b-4710-bdb4-1175d12b95b0,license.approved,ee4af8f2-891e-4500-a912-a38cd19c98d2,bmc-lic-23,success,10.20.169.243,Approved license application BMC-TRD-2026-000027,"{""sla_days"": 10, ""decision_state"": ""approved""}",2026-02-04T05:18:00+00:00
582c8801-8dfd-4eb9-b884-af90a132201e,license.created,ce09d787-546e-456a-81f2-371d32ed58b4,pmc-lic-03,success,10.20.93.20,Created license application PMC-STO-2026-000028,"{""ward_code"": ""PMC-BBW"", ""city"": ""Pune"", ""license_type"": ""storage_noc""}",2026-03-03T05:04:00+00:00
369a55bd-500f-4926-8be8-f674a2321b29,license.approved,ce09d787-546e-456a-81f2-371d32ed58b4,pmc-lic-03,success,10.20.170.238,Approved license application PMC-STO-2026-000028,"{""sla_days"": 14, ""decision_state"": ""approved""}",2026-03-18T01:04:00+00:00
72e52fab-2e5f-4571-ba68-60f43d44cdf7,license.created,949c57eb-4cfa-416a-ba8e-db0555d9e022,bmc-lic-23,success,10.20.84.233,Created license application BMC-TRD-2026-000029,"{""ward_code"": ""MCGM-S"", ""city"": ""Mumbai"", ""license_type"": ""trade_license""}",2026-03-31T17:59:00+00:00
3e2e35ff-562c-437a-a299-abcea84cee49,license.created,97e3dff5-7b21-4224-a12e-a30d5a58e248,pmc-lic-01,success,10.20.97.58,Created license application PMC-BPA-2026-000030,"{""ward_code"": ""PMC-KVW"", ""city"": ""Pune"", ""license_type"": ""building_plan_approval""}",2025-11-24T05:40:00+00:00
6fdbd9a2-a1a0-409d-a0b4-6b6b0841e9e4,license.created,4e742980-5266-43f4-af4d-08b23c430803,bmc-lic-18,success,10.20.114.60,Created license application BMC-TRD-2026-000031,"{""ward_code"": ""MCGM-RN"", ""city"": ""Mumbai"", ""license_type"": ""trade_license""}",2025-11-30T21:09:00+00:00
5ed21eec-5488-41ad-b286-f10881c1ace7,license.created,5a5a43cf-423b-443b-8c3a-0c326047f3c5,pmc-lic-01,success,10.20.135.48,Created license application PMC-OCC-2026-000032,"{""ward_code"": ""PMC-KVW"", ""city"": ""Pune"", ""license_type"": ""occupancy_certificate""}",2025-11-10T17:41:00+00:00
f2bc49f4-1a69-44c7-95a9-a5379b1d0684,license.approved,5a5a43cf-423b-443b-8c3a-0c326047f3c5,pmc-lic-01,success,10.20.106.17,Approved license application PMC-OCC-2026-000032,"{""sla_days"": 21, ""decision_state"": ""approved""}",2025-11-23T03:41:00+00:00
d2b2cc37-f61b-412a-a0e1-2850d15fc038,license.created,284a8a5b-8e0b-4a4b-8ee6-2b815d54442a,pmc-lic-16,success,10.20.114.80,Created license application PMC-HLT-2026-000033,"{""ward_code"": ""PMC-SR"", ""city"": ""Pune"", ""license_type"": ""health_noc""}",2026-01-30T12:26:00+00:00
72c5de8b-7a04-4ecc-9c1a-12a7315cdbd1,license.approved,284a8a5b-8e0b-4a4b-8ee6-2b815d54442a,pmc-lic-16,success,10.20.47.122,Approved license application PMC-HLT-2026-000033,"{""sla_days"": 12, ""decision_state"": ""approved""}",2026-02-07T01:26:00+00:00
f4f53879-6d27-4f0a-9795-49ccd4500217,license.created,26fe7def-5869-44a6-97ca-5097c8758dc5,bmc-lic-16,success,10.20.65.71,Created license application BMC-SBD-2026-000034,"{""ward_code"": ""MCGM-RS"", ""city"": ""Mumbai"", ""license_type"": ""signboard_permission""}",2026-02-04T11:56:00+00:00
3229abfe-1842-425c-935d-7c2fb869a94d,license.created,f16ba44e-feb2-4732-9a6e-412694ff18cc,pmc-lic-03,success,10.20.66.85,Created license application PMC-OCC-2026-000035,"{""ward_code"": ""PMC-BBW"", ""city"": ""Pune"", ""license_type"": ""occupancy_certificate""}",2026-02-14T14:14:00+00:00
ef0f7d8c-b519-474d-9e92-2c322b0e6ff0,license.created,0c37b7ab-aad4-42b4-bd68-6aa5b3e2f3ec,bmc-lic-23,success,10.20.191.149,Created license application BMC-FIR-2026-000036,"{""ward_code"": ""MCGM-S"", ""city"": ""Mumbai"", ""license_type"": ""fire_referral""}",2025-11-08T04:43:00+00:00
aa1724f0-14ac-49e4-a59d-a0ca4b93fbac,license.created,e59eceeb-fbd0-4a68-8779-2e4a943b3fd8,bmc-lic-24,success,10.20.146.78,Created license application BMC-TRD-2026-000037,"{""ward_code"": ""MCGM-T"", ""city"": ""Mumbai"", ""license_type"": ""trade_license""}",2025-11-28T01:37:00+00:00
2c496229-348d-4886-b23d-f5a45bfc1f86,license.created,bb475935-2dbe-44b2-bb65-b27816dd6455,pmc-lic-01,success,10.20.182.116,Created license application PMC-STO-2026-000038,"{""ward_code"": ""PMC-KVW"", ""city"": ""Pune"", ""license_type"": ""storage_noc""}",2025-11-25T19:21:00+00:00
1e6030ac-6c39-47fa-89cb-3a4daa5f1667,license.approved,bb475935-2dbe-44b2-bb65-b27816dd6455,pmc-lic-01,success,10.20.8.175,Approved license application PMC-STO-2026-000038,"{""sla_days"": 14, ""decision_state"": ""approved""}",2025-12-05T01:21:00+00:00
57335427-d7b6-469b-ac49-cebac6aadd74,license.created,88e3d176-b5a9-42a5-91c9-3bdf8a0cbb70,pmc-lic-16,success,10.20.113.156,Created license application PMC-TRD-2026-000039,"{""ward_code"": ""PMC-SR"", ""city"": ""Pune"", ""license_type"": ""trade_license""}",2025-12-28T10:11:00+00:00
d356ce9a-b77e-41dc-9d76-8c251504dbec,license.created,199ddb30-b746-4321-8e18-cec604ac8077,bmc-lic-04,success,10.20.46.137,Created license application BMC-FIR-2026-000040,"{""ward_code"": ""MCGM-D"", ""city"": ""Mumbai"", ""license_type"": ""fire_referral""}",2026-03-05T18:55:00+00:00
ce350e06-127c-4a41-8e60-e3eb1d4de8fd,license.approved,199ddb30-b746-4321-8e18-cec604ac8077,bmc-lic-04,success,10.20.128.244,Approved license application BMC-FIR-2026-000040,"{""sla_days"": 10, ""decision_state"": ""approved""}",2026-03-15T19:55:00+00:00
a024dda3-cba9-4ab9-b2eb-344549b9a2e5,license.created,227519aa-1c4a-44ee-a302-41c92cfaa105,pmc-lic-01,success,10.20.82.105,Created license application PMC-TRD-2026-000041,"{""ward_code"": ""PMC-KVW"", ""city"": ""Pune"", ""license_type"": ""trade_license""}",2026-02-02T17:30:00+00:00
7b396633-7cb9-4cae-8710-e93b06c4ed00,license.approved,227519aa-1c4a-44ee-a302-41c92cfaa105,pmc-lic-01,success,10.20.75.80,Approved license application PMC-TRD-2026-000041,"{""sla_days"": 10, ""decision_state"": ""approved""}",2026-02-09T06:30:00+00:00
c1bab6f2-722b-4bc4-bce9-e45ca5787466,license.created,e51d2bc4-a01b-437d-a870-e174191385bb,pmc-lic-02,success,10.20.9.182,Created license application PMC-TRD-2026-000042,"{""ward_code"": ""PMC-BP"", ""city"": ""Pune"", ""license_type"": ""trade_license""}",2026-02-07T02:39:00+00:00
6a8480ce-16bb-4a95-ba66-6dcc75000ce2,license.created,80600fb0-c861-4904-ba8a-d669ff747fb6,bmc-lic-23,success,10.20.184.28,Created license application BMC-HLT-2026-000043,"{""ward_code"": ""MCGM-S"", ""city"": ""Mumbai"", ""license_type"": ""health_noc""}",2026-02-22T10:09:00+00:00
20d6c68e-75fd-4ed0-8c66-8852134ef212,license.created,4ae15229-0c51-4988-9d1b-9ea8a38b876b,bmc-lic-16,success,10.20.92.189,Created license application BMC-BPA-2026-000044,"{""ward_code"": ""MCGM-RS"", ""city"": ""Mumbai"", ""license_type"": ""building_plan_approval""}",2026-03-05T20:38:00+00:00
47e57b87-eace-4634-9c2b-8af30c2bd7e2,license.created,419012c0-2fec-4055-b7d4-3005742f2387,pmc-lic-01,success,10.20.45.165,Created license application PMC-SBD-2026-000045,"{""ward_code"": ""PMC-KVW"", ""city"": ""Pune"", ""license_type"": ""signboard_permission""}",2026-02-17T02:49:00+00:00
0270825e-b484-4688-ae7c-84be32c84dbe,license.approved,419012c0-2fec-4055-b7d4-3005742f2387,pmc-lic-01,success,10.20.130.25,Approved license application PMC-SBD-2026-000045,"{""sla_days"": 7, ""decision_state"": ""approved""}",2026-02-25T09:49:00+00:00
0c44de01-05ea-472e-8b55-8ecf54943ac6,license.created,8f505ce6-5818-4e8d-8d3e-1f334796a5a8,bmc-lic-12,success,10.20.29.149,Created license application BMC-BPA-2026-000046,"{""ward_code"": ""MCGM-KE"", ""city"": ""Mumbai"", ""license_type"": ""building_plan_approval""}",2025-11-21T03:33:00+00:00
58c9ac19-abec-4712-a19b-1bdeaff11ab3,license.approved,8f505ce6-5818-4e8d-8d3e-1f334796a5a8,bmc-lic-12,success,10.20.113.151,Approved license application BMC-BPA-2026-000046,"{""sla_days"": 30, ""decision_state"": ""approved""}",2025-12-01T17:33:00+00:00
60b2bade-ca9e-4962-a5bc-4d3098820d85,license.created,a26ac5d8-8d15-4a40-9734-cffc3a0ad555,bmc-lic-16,success,10.20.127.11,Created license application BMC-FIR-2026-000047,"{""ward_code"": ""MCGM-RS"", ""city"": ""Mumbai"", ""license_type"": ""fire_referral""}",2025-12-15T13:41:00+00:00
d069cdf2-ec60-4d19-a34a-4acda9fc37ce,license.created,19afd17b-31c6-4af3-b538-49c097df6b16,pmc-lic-07,success,10.20.194.40,Created license application PMC-BPA-2026-000048,"{""ward_code"": ""PMC-WR"", ""city"": ""Pune"", ""license_type"": ""building_plan_approval""}",2025-12-06T15:25:00+00:00
5b104044-820d-4ad9-8757-49a3dfb2ebb3,license.rejected,19afd17b-31c6-4af3-b538-49c097df6b16,pmc-lic-07,success,10.20.118.57,Rejected license application PMC-BPA-2026-000048,"{""sla_days"": 30, ""decision_state"": ""rejected""}",2025-12-15T08:25:00+00:00
a6b6a7a1-c73c-4777-a2ed-8d3dab5cf403,license.created,70c5ce43-af47-43f9-b0cf-0be6071d6341,pmc-lic-01,success,10.20.90.237,Created license application PMC-HLT-2026-000049,"{""ward_code"": ""PMC-KVW"", ""city"": ""Pune"", ""license_type"": ""health_noc""}",2026-01-06T04:55:00+00:00
1711b2e4-0ea8-44dc-9bd9-cc815c446dc6,license.created,55feddb9-0ee1-4182-b02a-4c77362acc5d,pmc-lic-13,success,10.20.129.117,Created license application PMC-BPA-2026-000050,"{""ward_code"": ""PMC-DP"", ""city"": ""Pune"", ""license_type"": ""building_plan_approval""}",2026-02-05T17:29:00+00:00
feef5dbe-c20b-437c-ad14-1b32cb071e72,license.created,a965c7da-3bea-4632-a8a2-817b7ecf5847,pmc-lic-11,success,10.20.171.149,Created license application PMC-TRD-2026-000051,"{""ward_code"": ""PMC-KB"", ""city"": ""Pune"", ""license_type"": ""trade_license""}",2026-03-07T18:56:00+00:00
6c15bcec-821a-44a3-8283-453045b42fed,license.approved,a965c7da-3bea-4632-a8a2-817b7ecf5847,pmc-lic-11,success,10.20.55.108,Approved license application PMC-TRD-2026-000051,"{""sla_days"": 10, ""decision_state"": ""approved""}",2026-03-20T17:56:00+00:00
31089749-45b2-459d-b2e3-d4fc67cb5d19,license.created,e93449ee-1523-4c1e-977c-aa6f0363ee48,pmc-lic-01,success,10.20.81.97,Created license application PMC-TRD-2026-000052,"{""ward_code"": ""PMC-KVW"", ""city"": ""Pune"", ""license_type"": ""trade_license""}",2026-01-20T02:18:00+00:00
7718dbfb-723e-4573-beb2-e8a2e6041049,license.approved,e93449ee-1523-4c1e-977c-aa6f0363ee48,pmc-lic-01,success,10.20.169.234,Approved license application PMC-TRD-2026-000052,"{""sla_days"": 10, ""decision_state"": ""approved""}",2026-02-02T16:18:00+00:00
3d42592f-b8de-49d6-a19d-3b6d2695f163,license.created,4cd86f35-5634-4515-9ea9-a4ad1e259005,bmc-lic-03,success,10.20.116.114,Created license application BMC-OCC-2026-000053,"{""ward_code"": ""MCGM-C"", ""city"": ""Mumbai"", ""license_type"": ""occupancy_certificate""}",2026-02-18T21:23:00+00:00
3e9332c8-678d-44b9-96da-5618b987ad21,license.created,94604e34-738c-4644-bb05-ec99beb0a583,pmc-lic-16,success,10.20.37.197,Created license application PMC-TRD-2026-000054,"{""ward_code"": ""PMC-SR"", ""city"": ""Pune"", ""license_type"": ""trade_license""}",2025-12-06T16:34:00+00:00
3ff213a1-27cf-41d0-addf-7c025ccad197,license.created,6af7ba1f-7a9d-48b6-863e-653306a3ea3e,bmc-lic-04,success,10.20.12.186,Created license application BMC-BPA-2026-000055,"{""ward_code"": ""MCGM-D"", ""city"": ""Mumbai"", ""license_type"": ""building_plan_approval""}",2026-02-20T00:57:00+00:00
97ecebe2-ba55-4994-825c-d6b4fa223105,license.created,0cd1c8ea-0e6c-4192-ba90-cef507c479b2,pmc-lic-16,success,10.20.161.87,Created license application PMC-HLT-2026-000056,"{""ward_code"": ""PMC-SR"", ""city"": ""Pune"", ""license_type"": ""health_noc""}",2025-12-01T06:54:00+00:00
74f4679f-513b-422f-85fc-e6d96b7444f5,license.approved,0cd1c8ea-0e6c-4192-ba90-cef507c479b2,pmc-lic-16,success,10.20.152.214,Approved license application PMC-HLT-2026-000056,"{""sla_days"": 12, ""decision_state"": ""approved""}",2025-12-17T04:54:00+00:00
582ed6e1-29dd-4466-b8cd-64490085d0f7,license.created,bdb37899-38da-49c5-9623-29e73ce35bab,pmc-lic-12,success,10.20.189.215,Created license application PMC-TRD-2026-000057,"{""ward_code"": ""PMC-SG"", ""city"": ""Pune"", ""license_type"": ""trade_license""}",2026-02-11T07:25:00+00:00
5728e186-f28c-4257-91d8-f6ee3a6840b0,license.created,7848ef87-b6ee-4b45-8a51-ecfe053bc578,bmc-lic-08,success,10.20.97.231,Created license application BMC-OCC-2026-000058,"{""ward_code"": ""MCGM-GS"", ""city"": ""Mumbai"", ""license_type"": ""occupancy_certificate""}",2026-02-16T00:20:00+00:00
a42c371c-90d0-4b5a-ac5b-173d2e4b08b2,license.created,1b184fec-c6ac-4bb2-b2c9-6fe85581cc44,bmc-lic-10,success,10.20.190.6,Created license application BMC-HLT-2026-000059,"{""ward_code"": ""MCGM-HE"", ""city"": ""Mumbai"", ""license_type"": ""health_noc""}",2026-01-31T17:55:00+00:00
22552001-859c-4a64-a6b4-53f25ecdd934,license.approved,1b184fec-c6ac-4bb2-b2c9-6fe85581cc44,bmc-lic-10,success,10.20.106.116,Approved license application BMC-HLT-2026-000059,"{""sla_days"": 12, ""decision_state"": ""approved""}",2026-02-12T10:55:00+00:00
b62229f3-8ccf-4701-abd7-0f733abb5609,license.created,f314c692-b4d6-4f13-b423-56f5a6db2882,bmc-lic-09,success,10.20.165.95,Created license application BMC-BPA-2026-000060,"{""ward_code"": ""MCGM-GN"", ""city"": ""Mumbai"", ""license_type"": ""building_plan_approval""}",2026-01-21T22:59:00+00:00
29a7af81-80fb-46ed-957b-f36f26c2b7c3,license.created,e0d6989c-b45f-4778-aa88-97b1742c9a6d,bmc-lic-22,success,10.20.16.220,Created license application BMC-SBD-2026-000061,"{""ward_code"": ""MCGM-N"", ""city"": ""Mumbai"", ""license_type"": ""signboard_permission""}",2026-02-05T21:22:00+00:00
1162b778-a60b-4e01-a5bf-e1a6070cffcb,license.created,c0b7b638-bef9-4f33-b7f3-73a05c4f4d5f,bmc-lic-12,success,10.20.153.159,Created license application BMC-FIR-2026-000062,"{""ward_code"": ""MCGM-KE"", ""city"": ""Mumbai"", ""license_type"": ""fire_referral""}",2025-11-20T14:32:00+00:00
2419da5f-0d5e-44c3-9d88-0c46fdc0a7a0,license.created,24482cd4-7d90-4828-b37f-3ea3f29788bf,bmc-lic-14,success,10.20.157.181,Created license application BMC-TRD-2026-000063,"{""ward_code"": ""MCGM-PS"", ""city"": ""Mumbai"", ""license_type"": ""trade_license""}",2026-01-11T03:19:00+00:00
fc3d6265-fdca-499a-a452-5bdb80c059a8,license.created,fbe68d7e-ddd1-4dd6-974b-14c27bb71cf0,bmc-lic-06,success,10.20.45.183,Created license application BMC-FIR-2026-000064,"{""ward_code"": ""MCGM-FS"", ""city"": ""Mumbai"", ""license_type"": ""fire_referral""}",2026-01-16T13:54:00+00:00
461611fd-518b-409a-89a7-be36c50ec3b2,license.approved,fbe68d7e-ddd1-4dd6-974b-14c27bb71cf0,bmc-lic-06,success,10.20.131.122,Approved license application BMC-FIR-2026-000064,"{""sla_days"": 10, ""decision_state"": ""approved""}",2026-01-25T13:54:00+00:00
d63069c0-3cc9-4ea7-b0f9-d9573681ec0b,license.created,0ebc70f5-a28b-4bf7-bcc6-2305ee804971,bmc-lic-23,success,10.20.188.134,Created license application BMC-TRD-2026-000065,"{""ward_code"": ""MCGM-S"", ""city"": ""Mumbai"", ""license_type"": ""trade_license""}",2026-03-02T02:25:00+00:00
b319e774-5e5a-487d-8269-88dd5c66a72e,license.approved,0ebc70f5-a28b-4bf7-bcc6-2305ee804971,bmc-lic-23,success,10.20.195.206,Approved license application BMC-TRD-2026-000065,"{""sla_days"": 10, ""decision_state"": ""approved""}",2026-03-11T06:25:00+00:00
2a8abc91-6775-414c-95e2-87523bf69801,license.created,52265f9a-d4bf-4ad1-8014-28766316d7b9,pmc-lic-08,success,10.20.168.150,Created license application PMC-OCC-2026-000066,"{""ward_code"": ""PMC-KY"", ""city"": ""Pune"", ""license_type"": ""occupancy_certificate""}",2026-03-04T03:26:00+00:00
49adebf9-f4e9-4a14-ab73-9dc0117679ec,license.approved,52265f9a-d4bf-4ad1-8014-28766316d7b9,pmc-lic-08,success,10.20.86.59,Approved license application PMC-OCC-2026-000066,"{""sla_days"": 21, ""decision_state"": ""approved""}",2026-03-09T02:26:00+00:00
be5cfc76-4f6a-4208-934a-d231bde4e03a,license.created,423e2945-3e97-40c3-9832-044515edfc59,pmc-lic-15,success,10.20.195.235,Created license application PMC-OCC-2026-000067,"{""ward_code"": ""PMC-YKD"", ""city"": ""Pune"", ""license_type"": ""occupancy_certificate""}",2025-12-13T14:28:00+00:00
63abffc7-60c1-4e8c-b6bb-2b0ac516fd8b,license.created,59afd445-c4e1-4fd9-882e-cb12ab61b37d,pmc-lic-02,success,10.20.97.225,Created license application PMC-EST-2026-000068,"{""ward_code"": ""PMC-BP"", ""city"": ""Pune"", ""license_type"": ""estate_permission""}",2025-12-09T17:34:00+00:00
6d3d963c-2053-486a-ba23-9b519b150197,license.approved,59afd445-c4e1-4fd9-882e-cb12ab61b37d,pmc-lic-02,success,10.20.24.221,Approved license application PMC-EST-2026-000068,"{""sla_days"": 18, ""decision_state"": ""approved""}",2025-12-17T21:34:00+00:00
6eb026f4-1bb6-4daf-bc68-a9ad03161563,license.created,490f4db4-2d57-4b05-a5ce-7e65f2bf3fdf,bmc-lic-18,success,10.20.130.241,Created license application BMC-TRD-2026-000069,"{""ward_code"": ""MCGM-RN"", ""city"": ""Mumbai"", ""license_type"": ""trade_license""}",2026-02-23T22:53:00+00:00
bfcf19a0-41bc-4282-ae1c-4016558293fc,license.approved,490f4db4-2d57-4b05-a5ce-7e65f2bf3fdf,bmc-lic-18,success,10.20.131.6,Approved license application BMC-TRD-2026-000069,"{""sla_days"": 10, ""decision_state"": ""approved""}",2026-03-04T14:53:00+00:00
b61fea60-5ba2-47bf-afd2-9297ec76d101,license.created,fa5cfbb5-4bc7-4f75-9674-5b536feacf42,bmc-lic-16,success,10.20.197.144,Created license application BMC-TRD-2026-000070,"{""ward_code"": ""MCGM-RS"", ""city"": ""Mumbai"", ""license_type"": ""trade_license""}",2026-02-06T00:56:00+00:00
80aef7cd-d078-43c7-bc5b-306be087066f,license.approved,fa5cfbb5-4bc7-4f75-9674-5b536feacf42,bmc-lic-16,success,10.20.28.28,Approved license application BMC-TRD-2026-000070,"{""sla_days"": 10, ""decision_state"": ""approved""}",2026-02-23T01:56:00+00:00
4a3c150d-4ce0-4512-b4a4-87e9c53e714c,license.created,9428b610-98a1-4188-9a1b-b342f737fe90,pmc-lic-05,success,10.20.140.88,Created license application PMC-BPA-2026-000071,"{""ward_code"": ""PMC-DS"", ""city"": ""Pune"", ""license_type"": ""building_plan_approval""}",2026-03-17T13:51:00+00:00
f6401c42-2076-41fd-893f-c6fe901978a2,license.created,316e635c-dd6b-4fe1-be1f-31f2c8e55f1b,pmc-lic-16,success,10.20.9.182,Created license application PMC-TRD-2026-000072,"{""ward_code"": ""PMC-SR"", ""city"": ""Pune"", ""license_type"": ""trade_license""}",2026-03-06T01:17:00+00:00
28c1c207-011a-46a0-9157-612538c73296,license.approved,316e635c-dd6b-4fe1-be1f-31f2c8e55f1b,pmc-lic-16,success,10.20.139.23,Approved license application PMC-TRD-2026-000072,"{""sla_days"": 10, ""decision_state"": ""approved""}",2026-03-12T23:17:00+00:00
85b2e39f-c0fd-4560-96a8-5afd33c165e4,license.created,0062cf05-eb66-43ac-a4eb-c0255d64a1bb,pmc-lic-08,success,10.20.84.203,Created license application PMC-TRD-2026-000073,"{""ward_code"": ""PMC-KY"", ""city"": ""Pune"", ""license_type"": ""trade_license""}",2026-01-03T19:17:00+00:00
c68ee09a-cf32-446c-a53c-c1151ff842b3,license.created,28042598-d738-481e-80d6-3166d66c0cea,bmc-lic-07,success,10.20.24.93,Created license application BMC-TRD-2026-000074,"{""ward_code"": ""MCGM-FN"", ""city"": ""Mumbai"", ""license_type"": ""trade_license""}",2025-12-08T04:14:00+00:00
fac481d5-dc19-4b6e-8533-569a5f3296ab,license.approved,28042598-d738-481e-80d6-3166d66c0cea,bmc-lic-07,success,10.20.93.202,Approved license application BMC-TRD-2026-000074,"{""sla_days"": 10, ""decision_state"": ""approved""}",2025-12-20T14:14:00+00:00
9cb8b1d5-8481-44c6-bfaa-7ed83377d205,license.created,9c15ab9f-7f54-4f46-b49f-cd2422956833,bmc-lic-08,success,10.20.149.87,Created license application BMC-TRD-2026-000075,"{""ward_code"": ""MCGM-GS"", ""city"": ""Mumbai"", ""license_type"": ""trade_license""}",2026-02-15T10:32:00+00:00
ad3f3478-3ba6-42f9-b932-6f5c2cef254c,license.rejected,9c15ab9f-7f54-4f46-b49f-cd2422956833,bmc-lic-08,success,10.20.31.155,Rejected license application BMC-TRD-2026-000075,"{""sla_days"": 10, ""decision_state"": ""rejected""}",2026-02-28T21:32:00+00:00
c687dc70-ced5-4074-87b1-9772fdf39dc8,license.created,96f4bcaf-7595-4cba-be10-f65307bac098,pmc-lic-16,success,10.20.15.60,Created license application PMC-BPA-2026-000076,"{""ward_code"": ""PMC-SR"", ""city"": ""Pune"", ""license_type"": ""building_plan_approval""}",2025-11-16T12:13:00+00:00
8edc72a1-4841-4b8c-b08f-1bfa38614c03,license.approved,96f4bcaf-7595-4cba-be10-f65307bac098,pmc-lic-16,success,10.20.25.94,Approved license application PMC-BPA-2026-000076,"{""sla_days"": 30, ""decision_state"": ""approved""}",2025-11-22T22:13:00+00:00
3df7cf62-d5e6-41fa-8cab-ac49f1fcabd3,license.created,1b4e3ce3-2c82-4aaa-8f75-01d259c8f1a8,bmc-lic-15,success,10.20.2.109,Created license application BMC-TRD-2026-000077,"{""ward_code"": ""MCGM-PN"", ""city"": ""Mumbai"", ""license_type"": ""trade_license""}",2025-12-12T09:25:00+00:00
3ee28556-c065-4408-81d8-6384fb9c6832,license.created,f4aab9ae-f89c-4f1e-a921-3a945bd8901d,pmc-lic-03,success,10.20.162.115,Created license application PMC-TRD-2026-000078,"{""ward_code"": ""PMC-BBW"", ""city"": ""Pune"", ""license_type"": ""trade_license""}",2026-03-01T22:23:00+00:00
a2d6d6f4-4da1-4069-a7a8-7212b2bd86c6,license.created,6d7f01d5-6648-41fd-b7a4-73deaeb2d94b,pmc-lic-14,success,10.20.127.247,Created license application PMC-STO-2026-000079,"{""ward_code"": ""PMC-NR"", ""city"": ""Pune"", ""license_type"": ""storage_noc""}",2026-03-27T03:09:00+00:00
099bb5a3-034c-48ff-9d5c-fb5a4c5ba2fa,license.created,a7c9c152-dd55-4fe7-8df5-6fb5968f2273,bmc-lic-03,success,10.20.145.160,Created license application BMC-BPA-2026-000080,"{""ward_code"": ""MCGM-C"", ""city"": ""Mumbai"", ""license_type"": ""building_plan_approval""}",2025-12-27T22:06:00+00:00
272a69b1-3127-4406-b298-f54a5cd43811,license.approved,a7c9c152-dd55-4fe7-8df5-6fb5968f2273,bmc-lic-03,success,10.20.177.241,Approved license application BMC-BPA-2026-000080,"{""sla_days"": 30, ""decision_state"": ""approved""}",2026-01-08T01:06:00+00:00
23789b05-ff69-4853-9ae7-1c1f4e48f0ad,license.created,c9a18c0f-2412-414e-b13c-2d6efe330026,pmc-lic-11,success,10.20.76.55,Created license application PMC-BPA-2026-000081,"{""ward_code"": ""PMC-KB"", ""city"": ""Pune"", ""license_type"": ""building_plan_approval""}",2026-01-04T23:00:00+00:00
97a519b3-8646-4d7a-9e8d-6d0d45091ef6,license.approved,c9a18c0f-2412-414e-b13c-2d6efe330026,pmc-lic-11,success,10.20.181.59,Approved license application PMC-BPA-2026-000081,"{""sla_days"": 30, ""decision_state"": ""approved""}",2026-01-09T20:00:00+00:00
0b1650e2-3cae-489a-8aac-4c1059e69ee9,license.created,4803cef1-b8ab-4e01-9277-ae898c661f63,pmc-lic-09,success,10.20.105.196,Created license application PMC-BPA-2026-000082,"{""ward_code"": ""PMC-AB"", ""city"": ""Pune"", ""license_type"": ""building_plan_approval""}",2026-02-17T12:37:00+00:00
a1c1f8ce-b024-4dbf-81cb-55fe33768755,license.created,3759d55c-e107-4114-9e2e-94ed29127679,pmc-lic-14,success,10.20.182.124,Created license application PMC-FIR-2026-000083,"{""ward_code"": ""PMC-NR"", ""city"": ""Pune"", ""license_type"": ""fire_referral""}",2026-01-11T02:28:00+00:00
16e2d89c-90eb-4f2d-85d9-562a807d58a0,license.created,827f255a-fa27-4509-8074-f78f72afd8d9,bmc-lic-22,success,10.20.60.24,Created license application BMC-STO-2026-000084,"{""ward_code"": ""MCGM-N"", ""city"": ""Mumbai"", ""license_type"": ""storage_noc""}",2025-12-04T03:29:00+00:00
17cf819d-3854-41fe-923f-f6521129d29b,license.approved,827f255a-fa27-4509-8074-f78f72afd8d9,bmc-lic-22,success,10.20.7.205,Approved license application BMC-STO-2026-000084,"{""sla_days"": 14, ""decision_state"": ""approved""}",2025-12-16T03:29:00+00:00
0369e560-5648-48be-94a2-c7515936ee91,license.created,159a330d-ad60-4688-aa19-f3dee1a40d49,bmc-lic-17,success,10.20.78.81,Created license application BMC-HLT-2026-000085,"{""ward_code"": ""MCGM-RC"", ""city"": ""Mumbai"", ""license_type"": ""health_noc""}",2026-02-18T06:38:00+00:00
aacb3470-1766-494a-9cf7-132606cb5bec,license.created,35d76890-785a-483f-8782-2beb9a1c2e6a,pmc-lic-06,success,10.20.159.21,Created license application PMC-TRD-2026-000086,"{""ward_code"": ""PMC-HM"", ""city"": ""Pune"", ""license_type"": ""trade_license""}",2026-02-10T08:39:00+00:00
fc20ef07-fbf9-47fa-bdc6-e46d84c3ad57,license.approved,35d76890-785a-483f-8782-2beb9a1c2e6a,pmc-lic-06,success,10.20.77.68,Approved license application PMC-TRD-2026-000086,"{""sla_days"": 10, ""decision_state"": ""approved""}",2026-02-20T12:39:00+00:00
abd7343a-5af5-4f2c-a61e-e5084a8b2753,license.created,5dc21c99-7a67-4998-8b92-112c079ee857,bmc-lic-22,success,10.20.146.36,Created license application BMC-HLT-2026-000087,"{""ward_code"": ""MCGM-N"", ""city"": ""Mumbai"", ""license_type"": ""health_noc""}",2026-01-24T09:24:00+00:00
94b9c656-1fb9-4e05-adf0-cf36412f6bd3,license.created,2b3b9dc9-ace8-40f7-a124-1dfdc249d53d,pmc-lic-06,success,10.20.34.164,Created license application PMC-TRD-2026-000088,"{""ward_code"": ""PMC-HM"", ""city"": ""Pune"", ""license_type"": ""trade_license""}",2025-11-03T16:03:00+00:00
c9b550ff-d951-47ba-a1c3-864b26e4fa8c,license.approved,2b3b9dc9-ace8-40f7-a124-1dfdc249d53d,pmc-lic-06,success,10.20.130.227,Approved license application PMC-TRD-2026-000088,"{""sla_days"": 10, ""decision_state"": ""approved""}",2025-11-10T12:03:00+00:00
7db56521-bf69-4a74-bcdf-89cc5d71dee1,license.created,e8ffc80b-c6fc-4bf1-aec3-7f29db5c8f80,bmc-lic-13,success,10.20.149.143,Created license application BMC-TRD-2026-000089,"{""ward_code"": ""MCGM-KW"", ""city"": ""Mumbai"", ""license_type"": ""trade_license""}",2026-03-27T04:15:00+00:00
a0b5ee58-4900-4c1e-b65c-6fe7d9938036,license.created,30d55df9-371f-473e-b625-285b52e9e607,bmc-lic-07,success,10.20.11.16,Created license application BMC-OCC-2026-000090,"{""ward_code"": ""MCGM-FN"", ""city"": ""Mumbai"", ""license_type"": ""occupancy_certificate""}",2025-11-17T16:02:00+00:00
bca40915-30b6-4d49-a1ec-26f53d173127,license.approved,30d55df9-371f-473e-b625-285b52e9e607,bmc-lic-07,success,10.20.16.82,Approved license application BMC-OCC-2026-000090,"{""sla_days"": 21, ""decision_state"": ""approved""}",2025-11-22T00:02:00+00:00
379de3c4-0693-4f91-b249-89f41c759f0f,license.created,64e87c9b-971c-4c56-a7cc-56ecae06f1fb,pmc-lic-04,success,10.20.163.172,Created license application PMC-HLT-2026-000091,"{""ward_code"": ""PMC-TR"", ""city"": ""Pune"", ""license_type"": ""health_noc""}",2025-12-12T14:14:00+00:00
997802ea-cfd4-4e98-bc30-3eb693bff582,license.created,2ea6be36-79db-4c5f-bb7d-dbe97dda8a42,pmc-lic-14,success,10.20.76.199,Created license application PMC-EST-2026-000092,"{""ward_code"": ""PMC-NR"", ""city"": ""Pune"", ""license_type"": ""estate_permission""}",2026-03-28T07:07:00+00:00
c127853c-3ce9-4b0d-8654-4225c1db29a1,license.approved,2ea6be36-79db-4c5f-bb7d-dbe97dda8a42,pmc-lic-14,success,10.20.47.41,Approved license application PMC-EST-2026-000092,"{""sla_days"": 18, ""decision_state"": ""approved""}",2026-04-08T09:07:00+00:00
75cd11f7-fcd7-46bc-8853-88226fbe2482,license.created,3642bf3b-7cdd-45fb-a75f-921ae7a8db30,pmc-lic-12,success,10.20.59.129,Created license application PMC-TRD-2026-000093,"{""ward_code"": ""PMC-SG"", ""city"": ""Pune"", ""license_type"": ""trade_license""}",2026-03-21T08:43:00+00:00
c1499cee-ac2f-46b4-ae7a-d3f11b1bd641,license.created,5a2aff39-12de-4c60-baab-8ef44a636d79,bmc-lic-17,success,10.20.71.191,Created license application BMC-EST-2026-000094,"{""ward_code"": ""MCGM-RC"", ""city"": ""Mumbai"", ""license_type"": ""estate_permission""}",2026-03-31T03:21:00+00:00
a3846ffb-4a52-4ab9-844c-90a842ba2a56,license.created,1456d8cd-796a-4a39-b854-a828952cef21,bmc-lic-14,success,10.20.26.229,Created license application BMC-HLT-2026-000095,"{""ward_code"": ""MCGM-PS"", ""city"": ""Mumbai"", ""license_type"": ""health_noc""}",2025-11-27T04:13:00+00:00
6fd48111-3f3a-453a-8d77-caa9536f2630,license.approved,1456d8cd-796a-4a39-b854-a828952cef21,bmc-lic-14,success,10.20.195.201,Approved license application BMC-HLT-2026-000095,"{""sla_days"": 12, ""decision_state"": ""approved""}",2025-12-08T16:13:00+00:00
d9ade6f8-9cc2-463a-81bb-9ece24d0f463,license.created,d1ca8149-10e3-4880-a4bf-0345428dc20c,pmc-lic-05,success,10.20.37.112,Created license application PMC-OCC-2026-000096,"{""ward_code"": ""PMC-DS"", ""city"": ""Pune"", ""license_type"": ""occupancy_certificate""}",2026-02-25T07:03:00+00:00
5e0fc30c-faf8-431b-98de-9392232858ec,license.created,52d78878-38e7-49fb-b79c-a42105ae68c8,bmc-lic-09,success,10.20.3.92,Created license application BMC-STO-2026-000097,"{""ward_code"": ""MCGM-GN"", ""city"": ""Mumbai"", ""license_type"": ""storage_noc""}",2025-11-15T15:10:00+00:00
bb69c890-1c5d-4bf9-b72f-51ab242a2c61,license.created,f47e9682-0e62-46d2-bf97-d8346425ec0e,pmc-lic-13,success,10.20.54.160,Created license application PMC-HLT-2026-000098,"{""ward_code"": ""PMC-DP"", ""city"": ""Pune"", ""license_type"": ""health_noc""}",2026-03-23T01:48:00+00:00
d3f75ad6-c5e4-4b4e-93f6-db25eeffb39d,license.created,5278b9d5-8aff-4cb3-bc04-6f026f00e572,pmc-lic-09,success,10.20.145.232,Created license application PMC-STO-2026-000099,"{""ward_code"": ""PMC-AB"", ""city"": ""Pune"", ""license_type"": ""storage_noc""}",2026-01-01T08:13:00+00:00
be23671b-b0e3-4ecd-b201-d56a30c21ca2,license.created,20735752-fdf4-4db7-82c0-24f4da9d95aa,bmc-lic-07,success,10.20.124.231,Created license application BMC-BPA-2026-000100,"{""ward_code"": ""MCGM-FN"", ""city"": ""Mumbai"", ""license_type"": ""building_plan_approval""}",2026-02-28T07:14:00+00:00
963a1f3d-69e1-4566-977c-00b7e3516af4,license.created,b9ac773e-0079-4ae0-b382-4e79d4138c66,pmc-lic-10,success,10.20.198.10,Created license application PMC-TRD-2026-000101,"{""ward_code"": ""PMC-WK"", ""city"": ""Pune"", ""license_type"": ""trade_license""}",2025-11-11T20:32:00+00:00
2edd247f-bc4a-4b86-a351-2c84149da3d5,license.created,515722d2-6862-4c23-9946-45e8898e59f2,pmc-lic-14,success,10.20.17.127,Created license application PMC-EST-2026-000102,"{""ward_code"": ""PMC-NR"", ""city"": ""Pune"", ""license_type"": ""estate_permission""}",2026-03-13T17:28:00+00:00
c4fb8876-1f0a-4f16-8a69-a5f5e2e539a2,license.created,29019702-9a43-4050-b089-b8ca6040dcc4,bmc-lic-08,success,10.20.124.228,Created license application BMC-BPA-2026-000103,"{""ward_code"": ""MCGM-GS"", ""city"": ""Mumbai"", ""license_type"": ""building_plan_approval""}",2026-01-09T01:48:00+00:00
d00b877b-f73d-4bd4-8723-c4f87a255e0b,license.created,18541fc0-987e-41c6-8e4f-396c0fe2cd31,pmc-lic-08,success,10.20.9.23,Created license application PMC-BPA-2026-000104,"{""ward_code"": ""PMC-KY"", ""city"": ""Pune"", ""license_type"": ""building_plan_approval""}",2025-12-07T18:57:00+00:00
587f67e0-ac82-49f7-8af1-e016282a130d,license.approved,18541fc0-987e-41c6-8e4f-396c0fe2cd31,pmc-lic-08,success,10.20.48.50,Approved license application PMC-BPA-2026-000104,"{""sla_days"": 30, ""decision_state"": ""approved""}",2025-12-18T07:57:00+00:00
e99df52b-fd6c-47dd-8fca-542034df72da,license.created,06f15931-7867-40fb-89c4-0fc85e2d86b6,bmc-lic-10,success,10.20.80.80,Created license application BMC-SBD-2026-000105,"{""ward_code"": ""MCGM-HE"", ""city"": ""Mumbai"", ""license_type"": ""signboard_permission""}",2026-02-27T01:14:00+00:00
193710f6-57fe-4049-b664-8f3573ce9e8f,license.created,0ccae267-2ee0-4306-aff9-ff845ddab957,pmc-lic-13,success,10.20.181.192,Created license application PMC-OCC-2026-000106,"{""ward_code"": ""PMC-DP"", ""city"": ""Pune"", ""license_type"": ""occupancy_certificate""}",2026-01-15T11:33:00+00:00
3915ba37-9dc1-4d61-ac5b-f5c9d4f9ae3d,license.approved,0ccae267-2ee0-4306-aff9-ff845ddab957,pmc-lic-13,success,10.20.16.151,Approved license application PMC-OCC-2026-000106,"{""sla_days"": 21, ""decision_state"": ""approved""}",2026-01-27T10:33:00+00:00
ab586120-ab1d-4050-a9cb-63ed25a11030,license.created,cb71c31f-39f0-4b50-ac34-ce7b987e8921,pmc-lic-08,success,10.20.90.83,Created license application PMC-TRD-2026-000107,"{""ward_code"": ""PMC-KY"", ""city"": ""Pune"", ""license_type"": ""trade_license""}",2025-11-17T16:14:00+00:00
cd233989-a600-4437-9344-c63ba3209174,license.created,8fcd71c8-a8f6-4390-ad6d-759eee4cf512,pmc-lic-09,success,10.20.13.170,Created license application PMC-STO-2026-000108,"{""ward_code"": ""PMC-AB"", ""city"": ""Pune"", ""license_type"": ""storage_noc""}",2025-12-20T01:44:00+00:00
9b86bfa6-f17b-4e9f-9188-d53f277b1cf4,license.created,0c74ef8e-6fe0-447b-83b8-31392072ee2f,pmc-lic-16,success,10.20.160.33,Created license application PMC-TRD-2026-000109,"{""ward_code"": ""PMC-SR"", ""city"": ""Pune"", ""license_type"": ""trade_license""}",2026-01-03T04:32:00+00:00
63a8d83e-1eb7-4f95-9049-a5ab72ba1c0b,license.created,dd0b7e93-9061-4280-b17a-61a5cf7e3a06,pmc-lic-08,success,10.20.167.30,Created license application PMC-FIR-2026-000110,"{""ward_code"": ""PMC-KY"", ""city"": ""Pune"", ""license_type"": ""fire_referral""}",2026-01-09T07:38:00+00:00
3ea4f979-d167-48ef-8999-70333fb850aa,license.created,b4b4bd36-df68-49b1-9c29-4e219e8c5161,pmc-lic-06,success,10.20.89.19,Created license application PMC-FIR-2026-000111,"{""ward_code"": ""PMC-HM"", ""city"": ""Pune"", ""license_type"": ""fire_referral""}",2026-01-15T15:51:00+00:00
397a83ed-4409-45b9-9c2c-8226cd9cea85,license.created,4e557a7d-6619-4bc5-8a4f-1c7ae9548ede,bmc-lic-05,success,10.20.190.53,Created license application BMC-BPA-2026-000112,"{""ward_code"": ""MCGM-E"", ""city"": ""Mumbai"", ""license_type"": ""building_plan_approval""}",2026-03-25T13:52:00+00:00
9fd12fed-ab26-4801-8f0e-f600c02e8899,license.created,6eaf1897-be40-498e-acdc-2d8800fa4410,pmc-lic-12,success,10.20.142.131,Created license application PMC-OCC-2026-000113,"{""ward_code"": ""PMC-SG"", ""city"": ""Pune"", ""license_type"": ""occupancy_certificate""}",2026-02-25T18:43:00+00:00
309dc0fb-d048-4fef-aa83-876d5ecb7544,license.approved,6eaf1897-be40-498e-acdc-2d8800fa4410,pmc-lic-12,success,10.20.34.57,Approved license application PMC-OCC-2026-000113,"{""sla_days"": 21, ""decision_state"": ""approved""}",2026-03-08T18:43:00+00:00
2b62171a-4afd-433d-9b63-5fde9040abba,license.created,446d63d0-c303-4d31-80a6-ae19638e6c10,pmc-lic-04,success,10.20.137.216,Created license application PMC-TRD-2026-000114,"{""ward_code"": ""PMC-TR"", ""city"": ""Pune"", ""license_type"": ""trade_license""}",2026-01-12T21:52:00+00:00
e8e0b357-eac0-4959-bef9-b16a5da5b9fd,license.created,86eeb5e2-8086-4385-b581-18b32622b1b4,pmc-lic-12,success,10.20.92.250,Created license application PMC-TRD-2026-000115,"{""ward_code"": ""PMC-SG"", ""city"": ""Pune"", ""license_type"": ""trade_license""}",2025-12-31T15:26:00+00:00
cb69f9ec-a647-4db2-9d3f-8c976d82c15a,license.created,108cd829-ec07-426c-b349-9c60f7ddba4a,bmc-lic-13,success,10.20.9.219,Created license application BMC-TRD-2026-000116,"{""ward_code"": ""MCGM-KW"", ""city"": ""Mumbai"", ""license_type"": ""trade_license""}",2025-11-09T21:40:00+00:00
513785c3-bf64-4c5c-8c80-58d79c1c1f77,license.created,8950f312-3310-481c-841b-b91c75955f9f,pmc-lic-16,success,10.20.200.187,Created license application PMC-OCC-2026-000117,"{""ward_code"": ""PMC-SR"", ""city"": ""Pune"", ""license_type"": ""occupancy_certificate""}",2026-01-01T00:04:00+00:00
a642baae-0334-4dd5-8dfb-c9b89b267443,license.approved,8950f312-3310-481c-841b-b91c75955f9f,pmc-lic-16,success,10.20.104.26,Approved license application PMC-OCC-2026-000117,"{""sla_days"": 21, ""decision_state"": ""approved""}",2026-01-12T13:04:00+00:00
5918dc58-a6fa-45cd-9b27-f6d22c2181c6,license.created,e44eb7e5-155b-4b1b-b96e-f1e53edee96f,pmc-lic-01,success,10.20.51.14,Created license application PMC-SBD-2026-000118,"{""ward_code"": ""PMC-KVW"", ""city"": ""Pune"", ""license_type"": ""signboard_permission""}",2026-03-18T22:39:00+00:00
817cae0e-d9c2-422b-af4f-9e76cf3be91f,license.created,5bfc3e54-7dcb-47d5-9479-e18a30c50310,pmc-lic-01,success,10.20.4.207,Created license application PMC-SBD-2026-000119,"{""ward_code"": ""PMC-KVW"", ""city"": ""Pune"", ""license_type"": ""signboard_permission""}",2026-01-01T23:04:00+00:00
f16371bf-ff98-4dc7-9f0b-d2c3a31ae37f,license.created,09f94fd7-74dd-4405-874a-ee9940fb7131,pmc-lic-12,success,10.20.195.188,Created license application PMC-TRD-2026-000120,"{""ward_code"": ""PMC-SG"", ""city"": ""Pune"", ""license_type"": ""trade_license""}",2026-03-20T03:27:00+00:00
8ba4a965-83da-47b5-bacd-2113934828b2,license.created,77c914c9-5517-4e4f-9292-4a0ffcc50c5a,bmc-lic-18,success,10.20.93.167,Created license application BMC-SBD-2026-000121,"{""ward_code"": ""MCGM-RN"", ""city"": ""Mumbai"", ""license_type"": ""signboard_permission""}",2026-03-08T17:38:00+00:00
5aa0cab7-d6b7-4740-8721-6beed6ec2ffa,license.created,13fcfa15-7d6d-45b2-92ea-c113bf81bfae,bmc-lic-23,success,10.20.32.219,Created license application BMC-TRD-2026-000122,"{""ward_code"": ""MCGM-S"", ""city"": ""Mumbai"", ""license_type"": ""trade_license""}",2025-12-09T02:18:00+00:00
6d667d36-018d-4029-8e42-f09491a6e28f,license.approved,13fcfa15-7d6d-45b2-92ea-c113bf81bfae,bmc-lic-23,success,10.20.68.225,Approved license application BMC-TRD-2026-000122,"{""sla_days"": 10, ""decision_state"": ""approved""}",2025-12-15T22:18:00+00:00
1e2fb9ad-978a-4733-9842-6ff7ca3e0140,license.created,4c798374-5cdc-483f-aa99-f60ee5a97455,pmc-lic-06,success,10.20.153.79,Created license application PMC-STO-2026-000123,"{""ward_code"": ""PMC-HM"", ""city"": ""Pune"", ""license_type"": ""storage_noc""}",2026-01-26T17:10:00+00:00
2563a247-95e1-4820-b7d8-457d85e08a0b,license.approved,4c798374-5cdc-483f-aa99-f60ee5a97455,pmc-lic-06,success,10.20.105.86,Approved license application PMC-STO-2026-000123,"{""sla_days"": 14, ""decision_state"": ""approved""}",2026-02-07T21:10:00+00:00
5c58e785-ade4-4097-9518-b6753939f127,license.created,03ef6e40-5c2e-45a2-8365-eefd4f32be53,pmc-lic-06,success,10.20.193.189,Created license application PMC-FIR-2026-000124,"{""ward_code"": ""PMC-HM"", ""city"": ""Pune"", ""license_type"": ""fire_referral""}",2026-03-11T22:49:00+00:00
1308358b-79ef-47c9-8784-9a6de92a099e,license.created,e6ae3f23-70df-479d-a6ed-316276c6b673,pmc-lic-16,success,10.20.82.129,Created license application PMC-SBD-2026-000125,"{""ward_code"": ""PMC-SR"", ""city"": ""Pune"", ""license_type"": ""signboard_permission""}",2025-11-07T20:23:00+00:00
e4c42f7c-943e-4b22-a131-947f0b5e7369,license.rejected,e6ae3f23-70df-479d-a6ed-316276c6b673,pmc-lic-16,success,10.20.137.219,Rejected license application PMC-SBD-2026-000125,"{""sla_days"": 7, ""decision_state"": ""rejected""}",2025-11-20T04:23:00+00:00
